"","fcar","situacao","uf","munic","code","NUMREGCAR"
"1","MG-3116803-E4FC45D3338444BC934F1C4191022473","AT","MG","3116803","E4FC45D3338444BC934F1C4191022473","MG3116803E4FC45D3338444BC934F1C4191022473"
"2","MG-3116803-CC6139D9306F4BC6A813CBACA4C5AFCB","AT","MG","3116803","CC6139D9306F4BC6A813CBACA4C5AFCB","MG3116803CC6139D9306F4BC6A813CBACA4C5AFCB"
"3","MG-3116803-A6EFFB4A69ED4CD99DFE74FF99A07AF3","AT","MG","3116803","A6EFFB4A69ED4CD99DFE74FF99A07AF3","MG3116803A6EFFB4A69ED4CD99DFE74FF99A07AF3"
"4","MG-3116803-3E669092413846EA9B1360E4EE674ADD","AT","MG","3116803","3E669092413846EA9B1360E4EE674ADD","MG31168033E669092413846EA9B1360E4EE674ADD"
"5","MG-3116803-2DD7095BC6D74218ABE4F6CCA104D237","AT","MG","3116803","2DD7095BC6D74218ABE4F6CCA104D237","MG31168032DD7095BC6D74218ABE4F6CCA104D237"
"6","MG-3116803-D5EF42D5E16240FFBA3FBBAB7B8B315B","AT","MG","3116803","D5EF42D5E16240FFBA3FBBAB7B8B315B","MG3116803D5EF42D5E16240FFBA3FBBAB7B8B315B"
"7","MG-3116803-77A42988BEFA4A93B5584697AB8AAA83","AT","MG","3116803","77A42988BEFA4A93B5584697AB8AAA83","MG311680377A42988BEFA4A93B5584697AB8AAA83"
"8","MG-3116803-9EE3954008224D28BC5BA28035B2F728","AT","MG","3116803","9EE3954008224D28BC5BA28035B2F728","MG31168039EE3954008224D28BC5BA28035B2F728"
"9","MG-3116803-9F7FFA9E669D497F89EB83840801B565","AT","MG","3116803","9F7FFA9E669D497F89EB83840801B565","MG31168039F7FFA9E669D497F89EB83840801B565"
"10","MG-3116803-5B83E12243DC45509AA9A204600709B8","AT","MG","3116803","5B83E12243DC45509AA9A204600709B8","MG31168035B83E12243DC45509AA9A204600709B8"
"11","MG-3116803-A109CD7E017F481283AEEBAF59DF3D3E","AT","MG","3116803","A109CD7E017F481283AEEBAF59DF3D3E","MG3116803A109CD7E017F481283AEEBAF59DF3D3E"
"12","MG-3116803-F7C5D23D3EFD440D95C0EFDABD2E27C0","AT","MG","3116803","F7C5D23D3EFD440D95C0EFDABD2E27C0","MG3116803F7C5D23D3EFD440D95C0EFDABD2E27C0"
"13","MG-3116803-71314C11783847A1A84F61356E0D85DB","AT","MG","3116803","71314C11783847A1A84F61356E0D85DB","MG311680371314C11783847A1A84F61356E0D85DB"
"14","MG-3116803-EB47534DCC814658997DA886DED0AE4D","AT","MG","3116803","EB47534DCC814658997DA886DED0AE4D","MG3116803EB47534DCC814658997DA886DED0AE4D"
"15","MG-3116803-714878E15ED346F8874B242F3B33CCD4","AT","MG","3116803","714878E15ED346F8874B242F3B33CCD4","MG3116803714878E15ED346F8874B242F3B33CCD4"
"16","MG-3116803-37C55C9F3A65448E88B7A33E1A45D402","AT","MG","3116803","37C55C9F3A65448E88B7A33E1A45D402","MG311680337C55C9F3A65448E88B7A33E1A45D402"
"17","MG-3116803-F46F6A03A5C947D19B62D6A5E7235275","AT","MG","3116803","F46F6A03A5C947D19B62D6A5E7235275","MG3116803F46F6A03A5C947D19B62D6A5E7235275"
"18","MG-3116803-41E7E94A0F3D484B8612697E96275C97","AT","MG","3116803","41E7E94A0F3D484B8612697E96275C97","MG311680341E7E94A0F3D484B8612697E96275C97"
"19","MG-3116803-212AB8A686EF475C90F13D945ACFACF1","AT","MG","3116803","212AB8A686EF475C90F13D945ACFACF1","MG3116803212AB8A686EF475C90F13D945ACFACF1"
"20","MG-3116803-768CEDF7C463418D9A3A15B79447CA48","AT","MG","3116803","768CEDF7C463418D9A3A15B79447CA48","MG3116803768CEDF7C463418D9A3A15B79447CA48"
"21","MG-3116803-EA639E074C8D408B875A09CDF914F32C","AT","MG","3116803","EA639E074C8D408B875A09CDF914F32C","MG3116803EA639E074C8D408B875A09CDF914F32C"
"22","MG-3116803-D0213E690A9C48848B3A4A22F5BF6394","AT","MG","3116803","D0213E690A9C48848B3A4A22F5BF6394","MG3116803D0213E690A9C48848B3A4A22F5BF6394"
"23","MG-3116803-D6922CDFC7CE4945B3FE2CA8514B2702","AT","MG","3116803","D6922CDFC7CE4945B3FE2CA8514B2702","MG3116803D6922CDFC7CE4945B3FE2CA8514B2702"
"24","MG-3116803-FAAF6F5F1C894490A0BBDA53D32F5880","AT","MG","3116803","FAAF6F5F1C894490A0BBDA53D32F5880","MG3116803FAAF6F5F1C894490A0BBDA53D32F5880"
"25","MG-3116803-FF5513C0615B48278F41A689A11A74B3","AT","MG","3116803","FF5513C0615B48278F41A689A11A74B3","MG3116803FF5513C0615B48278F41A689A11A74B3"
"26","MG-3116803-6CE68E887FED4B978546F3CC89D00B3E","AT","MG","3116803","6CE68E887FED4B978546F3CC89D00B3E","MG31168036CE68E887FED4B978546F3CC89D00B3E"
"27","MG-3116803-D0DAB53B55E54DC3A7DACFE052124A6F","AT","MG","3116803","D0DAB53B55E54DC3A7DACFE052124A6F","MG3116803D0DAB53B55E54DC3A7DACFE052124A6F"
"28","MG-3116803-70DA281FA60341C7A42998157CE5C9DD","AT","MG","3116803","70DA281FA60341C7A42998157CE5C9DD","MG311680370DA281FA60341C7A42998157CE5C9DD"
"29","MG-3116803-D4C2E8105FF4405EB125385C52DB7C9B","AT","MG","3116803","D4C2E8105FF4405EB125385C52DB7C9B","MG3116803D4C2E8105FF4405EB125385C52DB7C9B"
"30","MG-3116803-718A7BE4A103433598FA4FFBED433329","AT","MG","3116803","718A7BE4A103433598FA4FFBED433329","MG3116803718A7BE4A103433598FA4FFBED433329"
"31","MG-3116803-25A79FA654AA438F90A81C6DF9D18448","AT","MG","3116803","25A79FA654AA438F90A81C6DF9D18448","MG311680325A79FA654AA438F90A81C6DF9D18448"
"32","MG-3116803-A1894D2771EB4A5B98378365BB17467B","AT","MG","3116803","A1894D2771EB4A5B98378365BB17467B","MG3116803A1894D2771EB4A5B98378365BB17467B"
"33","MG-3116803-49E3AFA47FC742F7ADC8DA6490B17B39","AT","MG","3116803","49E3AFA47FC742F7ADC8DA6490B17B39","MG311680349E3AFA47FC742F7ADC8DA6490B17B39"
"34","MG-3116803-7DAEE3292BBF4AD1B23E8274F3B4AFFC","AT","MG","3116803","7DAEE3292BBF4AD1B23E8274F3B4AFFC","MG31168037DAEE3292BBF4AD1B23E8274F3B4AFFC"
"35","MG-3116803-3F211A3E5A954A96B52C5FA8B1E135C2","AT","MG","3116803","3F211A3E5A954A96B52C5FA8B1E135C2","MG31168033F211A3E5A954A96B52C5FA8B1E135C2"
"36","MG-3116803-4A1FE2985F294EEA81FCC11F892B5094","AT","MG","3116803","4A1FE2985F294EEA81FCC11F892B5094","MG31168034A1FE2985F294EEA81FCC11F892B5094"
"37","MG-3116803-003CEA43BF9447A298112A865285B32E","AT","MG","3116803","003CEA43BF9447A298112A865285B32E","MG3116803003CEA43BF9447A298112A865285B32E"
"38","MG-3116803-088EE8153DBB46A490F46CFF4259E46A","AT","MG","3116803","088EE8153DBB46A490F46CFF4259E46A","MG3116803088EE8153DBB46A490F46CFF4259E46A"
"39","MG-3116803-C119DF82AB074B5FB029E83ACBCCB891","AT","MG","3116803","C119DF82AB074B5FB029E83ACBCCB891","MG3116803C119DF82AB074B5FB029E83ACBCCB891"
"40","MG-3116803-0BA631BC850D44CAAACF64E21531D222","AT","MG","3116803","0BA631BC850D44CAAACF64E21531D222","MG31168030BA631BC850D44CAAACF64E21531D222"
"41","MG-3116803-B0F4D5179F024EF1B554EE36B1516D18","AT","MG","3116803","B0F4D5179F024EF1B554EE36B1516D18","MG3116803B0F4D5179F024EF1B554EE36B1516D18"
"42","MG-3116803-88231BA61D204EFDAB9430E8255B000F","AT","MG","3116803","88231BA61D204EFDAB9430E8255B000F","MG311680388231BA61D204EFDAB9430E8255B000F"
"43","MG-3116803-E8CA6E1D6CD84A14B3403CA52EF713A2","AT","MG","3116803","E8CA6E1D6CD84A14B3403CA52EF713A2","MG3116803E8CA6E1D6CD84A14B3403CA52EF713A2"
"44","MG-3116803-1BA6A43892F24FB0BE8C721B64396511","AT","MG","3116803","1BA6A43892F24FB0BE8C721B64396511","MG31168031BA6A43892F24FB0BE8C721B64396511"
"45","MG-3116803-BEA90FC68F564D3EB32D6396CE51AB18","AT","MG","3116803","BEA90FC68F564D3EB32D6396CE51AB18","MG3116803BEA90FC68F564D3EB32D6396CE51AB18"
"46","MG-3116803-6D2ED6E4FF4E48088EECE4D743F69333","AT","MG","3116803","6D2ED6E4FF4E48088EECE4D743F69333","MG31168036D2ED6E4FF4E48088EECE4D743F69333"
"47","MG-3116803-1B6AE0712C4845E5839BDA74BCC4861D","AT","MG","3116803","1B6AE0712C4845E5839BDA74BCC4861D","MG31168031B6AE0712C4845E5839BDA74BCC4861D"
"48","MG-3116803-AAD2272D47E14399A2DD0633AAD80128","AT","MG","3116803","AAD2272D47E14399A2DD0633AAD80128","MG3116803AAD2272D47E14399A2DD0633AAD80128"
"49","MG-3116803-0394DE260E1C43D69A6989844A428550","AT","MG","3116803","0394DE260E1C43D69A6989844A428550","MG31168030394DE260E1C43D69A6989844A428550"
"50","MG-3116803-1881760D06FB4687849A9A72CB2196F4","AT","MG","3116803","1881760D06FB4687849A9A72CB2196F4","MG31168031881760D06FB4687849A9A72CB2196F4"
"51","MG-3116803-C29566B390284854BD1C8396AE520755","AT","MG","3116803","C29566B390284854BD1C8396AE520755","MG3116803C29566B390284854BD1C8396AE520755"
"52","MG-3116803-2897413FCDBD484E88FA19FF7461E683","AT","MG","3116803","2897413FCDBD484E88FA19FF7461E683","MG31168032897413FCDBD484E88FA19FF7461E683"
"53","MG-3116803-916CADF973D340A598AE39AA52DD54A5","AT","MG","3116803","916CADF973D340A598AE39AA52DD54A5","MG3116803916CADF973D340A598AE39AA52DD54A5"
"54","MG-3116803-FF29CB3E4EB54C9199580FC2F40EB530","AT","MG","3116803","FF29CB3E4EB54C9199580FC2F40EB530","MG3116803FF29CB3E4EB54C9199580FC2F40EB530"
"55","MG-3116803-33F508CFB72A44389BD3B3784DED67EF","AT","MG","3116803","33F508CFB72A44389BD3B3784DED67EF","MG311680333F508CFB72A44389BD3B3784DED67EF"
"56","MG-3116803-A307BF52570844F59C8F67D53FF169A0","AT","MG","3116803","A307BF52570844F59C8F67D53FF169A0","MG3116803A307BF52570844F59C8F67D53FF169A0"
"57","MG-3116803-76BF3C8B9BA143E8BEF3E6201BC9D2AD","AT","MG","3116803","76BF3C8B9BA143E8BEF3E6201BC9D2AD","MG311680376BF3C8B9BA143E8BEF3E6201BC9D2AD"
"58","MG-3116803-480CE4818D254FF1AC50F25B8181D47D","AT","MG","3116803","480CE4818D254FF1AC50F25B8181D47D","MG3116803480CE4818D254FF1AC50F25B8181D47D"
"59","MG-3116803-84DAF67A820849198BBABCEAD6EFCFC0","AT","MG","3116803","84DAF67A820849198BBABCEAD6EFCFC0","MG311680384DAF67A820849198BBABCEAD6EFCFC0"
"60","MG-3116803-A090DAA17F054D87863A618A5D80E9B3","AT","MG","3116803","A090DAA17F054D87863A618A5D80E9B3","MG3116803A090DAA17F054D87863A618A5D80E9B3"
"61","MG-3116803-62A535AA748848FDB1F29D6AF13FCC9E","AT","MG","3116803","62A535AA748848FDB1F29D6AF13FCC9E","MG311680362A535AA748848FDB1F29D6AF13FCC9E"
"62","MG-3116803-2E87D29DDE834AF0BAEF1E082BE863B2","AT","MG","3116803","2E87D29DDE834AF0BAEF1E082BE863B2","MG31168032E87D29DDE834AF0BAEF1E082BE863B2"
"63","MG-3116803-AE4695E7A36841C6863A658A8E8797BA","AT","MG","3116803","AE4695E7A36841C6863A658A8E8797BA","MG3116803AE4695E7A36841C6863A658A8E8797BA"
"64","MG-3116803-3C553F2A9F7E46909149C4F33BC5E375","AT","MG","3116803","3C553F2A9F7E46909149C4F33BC5E375","MG31168033C553F2A9F7E46909149C4F33BC5E375"
"65","MG-3116803-B2C55D6A4257458CA504F3B2D426690A","AT","MG","3116803","B2C55D6A4257458CA504F3B2D426690A","MG3116803B2C55D6A4257458CA504F3B2D426690A"
"66","MG-3116803-88211DE2ACE2486DBCBDA8DEC65E41C9","AT","MG","3116803","88211DE2ACE2486DBCBDA8DEC65E41C9","MG311680388211DE2ACE2486DBCBDA8DEC65E41C9"
"67","MG-3116803-590110B24F754621B589B11E65074933","AT","MG","3116803","590110B24F754621B589B11E65074933","MG3116803590110B24F754621B589B11E65074933"
"68","MG-3116803-2F3991AEDA334035A2512334F69FEE7E","AT","MG","3116803","2F3991AEDA334035A2512334F69FEE7E","MG31168032F3991AEDA334035A2512334F69FEE7E"
"69","MG-3116803-8281BD4CEC1647A79EBF3DDF978821D9","AT","MG","3116803","8281BD4CEC1647A79EBF3DDF978821D9","MG31168038281BD4CEC1647A79EBF3DDF978821D9"
"70","MG-3116803-BDA616E608AD4601AD8B7A25E1D5FD8B","AT","MG","3116803","BDA616E608AD4601AD8B7A25E1D5FD8B","MG3116803BDA616E608AD4601AD8B7A25E1D5FD8B"
"71","MG-3116803-D48CD739718B4574908F0A8B8037EBEC","AT","MG","3116803","D48CD739718B4574908F0A8B8037EBEC","MG3116803D48CD739718B4574908F0A8B8037EBEC"
"72","MG-3116803-20A69ECCA73741D2B6B6452C8510A3C6","AT","MG","3116803","20A69ECCA73741D2B6B6452C8510A3C6","MG311680320A69ECCA73741D2B6B6452C8510A3C6"
"73","MG-3116803-5082126D6E4E4958AB87F34C046A48D3","AT","MG","3116803","5082126D6E4E4958AB87F34C046A48D3","MG31168035082126D6E4E4958AB87F34C046A48D3"
"74","MG-3116803-2BB68100AFEB4831A285B64D133B78E9","AT","MG","3116803","2BB68100AFEB4831A285B64D133B78E9","MG31168032BB68100AFEB4831A285B64D133B78E9"
"75","MG-3116803-3F07E942C1F4437390DF9A7EE6A08E50","AT","MG","3116803","3F07E942C1F4437390DF9A7EE6A08E50","MG31168033F07E942C1F4437390DF9A7EE6A08E50"
"76","MG-3116803-1EFF462162164D41930ABAAA7A54FE04","AT","MG","3116803","1EFF462162164D41930ABAAA7A54FE04","MG31168031EFF462162164D41930ABAAA7A54FE04"
"77","MG-3116803-7D57DC713ECC4D8A9E7D53EC9B02E98D","AT","MG","3116803","7D57DC713ECC4D8A9E7D53EC9B02E98D","MG31168037D57DC713ECC4D8A9E7D53EC9B02E98D"
"78","MG-3116803-5370F8F72E7540EB842D203F5524ECA2","AT","MG","3116803","5370F8F72E7540EB842D203F5524ECA2","MG31168035370F8F72E7540EB842D203F5524ECA2"
"79","MG-3116803-5AFFA489351D49C8A4C6DD7BD7254111","AT","MG","3116803","5AFFA489351D49C8A4C6DD7BD7254111","MG31168035AFFA489351D49C8A4C6DD7BD7254111"
"80","MG-3116803-AEA53D286F1841F8910F0B9CEB4BD7AE","AT","MG","3116803","AEA53D286F1841F8910F0B9CEB4BD7AE","MG3116803AEA53D286F1841F8910F0B9CEB4BD7AE"
"81","MG-3116803-D3C2923884CF4233A82954B25535EC43","AT","MG","3116803","D3C2923884CF4233A82954B25535EC43","MG3116803D3C2923884CF4233A82954B25535EC43"
"82","MG-3116803-99CC192CCD4947E0841713715B3D62A2","AT","MG","3116803","99CC192CCD4947E0841713715B3D62A2","MG311680399CC192CCD4947E0841713715B3D62A2"
"83","MG-3116803-3D90CF0933104A8E9E1D58740EF06AEF","AT","MG","3116803","3D90CF0933104A8E9E1D58740EF06AEF","MG31168033D90CF0933104A8E9E1D58740EF06AEF"
"84","MG-3116803-4FB8229829094375BA5EE78DF0BF70A8","AT","MG","3116803","4FB8229829094375BA5EE78DF0BF70A8","MG31168034FB8229829094375BA5EE78DF0BF70A8"
"85","MG-3116803-2F7D82118D0E4669BE264CCD472F9436","AT","MG","3116803","2F7D82118D0E4669BE264CCD472F9436","MG31168032F7D82118D0E4669BE264CCD472F9436"
"86","MG-3116803-C538999A9E52481D97EC55A534DCD347","AT","MG","3116803","C538999A9E52481D97EC55A534DCD347","MG3116803C538999A9E52481D97EC55A534DCD347"
"87","MG-3116803-3458691CD9DD49CBA6A76CC3EDE44BFD","AT","MG","3116803","3458691CD9DD49CBA6A76CC3EDE44BFD","MG31168033458691CD9DD49CBA6A76CC3EDE44BFD"
"88","MG-3116803-9B580ACD630645F3A4734ED1B2014D65","AT","MG","3116803","9B580ACD630645F3A4734ED1B2014D65","MG31168039B580ACD630645F3A4734ED1B2014D65"
"89","MG-3116803-4EFC7B292BDB4FDEB2A244D3E11BA10A","AT","MG","3116803","4EFC7B292BDB4FDEB2A244D3E11BA10A","MG31168034EFC7B292BDB4FDEB2A244D3E11BA10A"
"90","MG-3116803-28E66DC18BC94B7D89107D9C1A7F854C","AT","MG","3116803","28E66DC18BC94B7D89107D9C1A7F854C","MG311680328E66DC18BC94B7D89107D9C1A7F854C"
"91","MG-3116803-ED62B7D40F114E9AAC694C8546BA774F","AT","MG","3116803","ED62B7D40F114E9AAC694C8546BA774F","MG3116803ED62B7D40F114E9AAC694C8546BA774F"
"92","MG-3116803-F9D10E4FF30A41DF8C53257C2F42A7C0","AT","MG","3116803","F9D10E4FF30A41DF8C53257C2F42A7C0","MG3116803F9D10E4FF30A41DF8C53257C2F42A7C0"
"93","MG-3116803-BAF3614D989D466494A9295BFBC26475","AT","MG","3116803","BAF3614D989D466494A9295BFBC26475","MG3116803BAF3614D989D466494A9295BFBC26475"
"94","MG-3116803-085842074EF44284B5559DEAFCD759B3","AT","MG","3116803","085842074EF44284B5559DEAFCD759B3","MG3116803085842074EF44284B5559DEAFCD759B3"
"95","MG-3116803-90ED7AFD41894AD79F7FF946E9CCD447","AT","MG","3116803","90ED7AFD41894AD79F7FF946E9CCD447","MG311680390ED7AFD41894AD79F7FF946E9CCD447"
"96","MG-3116803-C813F16EF8EA4B4F8E8E88B9B385DA2B","AT","MG","3116803","C813F16EF8EA4B4F8E8E88B9B385DA2B","MG3116803C813F16EF8EA4B4F8E8E88B9B385DA2B"
"97","MG-3116803-96C92ACA45934D39933A9D2F669D3DF8","AT","MG","3116803","96C92ACA45934D39933A9D2F669D3DF8","MG311680396C92ACA45934D39933A9D2F669D3DF8"
"98","MG-3116803-79E973390B2440D7907182FAEE0ABCC9","AT","MG","3116803","79E973390B2440D7907182FAEE0ABCC9","MG311680379E973390B2440D7907182FAEE0ABCC9"
"99","MG-3116803-8CDB7D90B02443D98F2D35D04016B1A6","AT","MG","3116803","8CDB7D90B02443D98F2D35D04016B1A6","MG31168038CDB7D90B02443D98F2D35D04016B1A6"
"100","MG-3116803-FA5C5E47A68D427792C2C3325CFA2E49","AT","MG","3116803","FA5C5E47A68D427792C2C3325CFA2E49","MG3116803FA5C5E47A68D427792C2C3325CFA2E49"
"101","MG-3116803-B216D81A52D24C8B9E4F8342E040A869","AT","MG","3116803","B216D81A52D24C8B9E4F8342E040A869","MG3116803B216D81A52D24C8B9E4F8342E040A869"
"102","MG-3116803-3CE4E23A10784E428337F67E5F4A82E1","AT","MG","3116803","3CE4E23A10784E428337F67E5F4A82E1","MG31168033CE4E23A10784E428337F67E5F4A82E1"
"103","MG-3116803-033690CF8B7C406699CF9F0F038A576B","AT","MG","3116803","033690CF8B7C406699CF9F0F038A576B","MG3116803033690CF8B7C406699CF9F0F038A576B"
"104","MG-3116803-B9B0E85FA23741E39DC5CF4B168EB1A5","AT","MG","3116803","B9B0E85FA23741E39DC5CF4B168EB1A5","MG3116803B9B0E85FA23741E39DC5CF4B168EB1A5"
"105","MG-3116803-FCF1FE1CF92E49888D7F5F7A43E713A8","AT","MG","3116803","FCF1FE1CF92E49888D7F5F7A43E713A8","MG3116803FCF1FE1CF92E49888D7F5F7A43E713A8"
"106","MG-3116803-EBC2EA57E32246E4BC5BE3B283A1C970","AT","MG","3116803","EBC2EA57E32246E4BC5BE3B283A1C970","MG3116803EBC2EA57E32246E4BC5BE3B283A1C970"
"107","MG-3116803-374A160EEA8A406DA2F42A9E0583C392","AT","MG","3116803","374A160EEA8A406DA2F42A9E0583C392","MG3116803374A160EEA8A406DA2F42A9E0583C392"
"108","MG-3116803-9057B927DB4840E58481E622F5131849","AT","MG","3116803","9057B927DB4840E58481E622F5131849","MG31168039057B927DB4840E58481E622F5131849"
"109","MG-3116803-2CA7340573E14D3F81C20DB73FD3917F","AT","MG","3116803","2CA7340573E14D3F81C20DB73FD3917F","MG31168032CA7340573E14D3F81C20DB73FD3917F"
"110","MG-3116803-559D9462513544038F319F9568C34465","AT","MG","3116803","559D9462513544038F319F9568C34465","MG3116803559D9462513544038F319F9568C34465"
"111","MG-3116803-4F495FCF2A98443B834CA5ACDFC1F4B6","AT","MG","3116803","4F495FCF2A98443B834CA5ACDFC1F4B6","MG31168034F495FCF2A98443B834CA5ACDFC1F4B6"
"112","MG-3116803-9D8B667FABE7498799BB06113615809B","AT","MG","3116803","9D8B667FABE7498799BB06113615809B","MG31168039D8B667FABE7498799BB06113615809B"
"113","MG-3116803-5C47AD3B903444EF8CC014751EEDF837","AT","MG","3116803","5C47AD3B903444EF8CC014751EEDF837","MG31168035C47AD3B903444EF8CC014751EEDF837"
"114","MG-3116803-031330E2F19044FEB7B522BB8638C841","AT","MG","3116803","031330E2F19044FEB7B522BB8638C841","MG3116803031330E2F19044FEB7B522BB8638C841"
"115","MG-3116803-D6D288F76CFE416FA9CC4783554D536E","AT","MG","3116803","D6D288F76CFE416FA9CC4783554D536E","MG3116803D6D288F76CFE416FA9CC4783554D536E"
"116","MG-3116803-B0CD834DE69C452DB8DBF6E2222AA24E","AT","MG","3116803","B0CD834DE69C452DB8DBF6E2222AA24E","MG3116803B0CD834DE69C452DB8DBF6E2222AA24E"
"117","MG-3116803-E902B799485B46BEA6BFF1787938E61E","AT","MG","3116803","E902B799485B46BEA6BFF1787938E61E","MG3116803E902B799485B46BEA6BFF1787938E61E"
"118","MG-3116803-352A3FE680454F12B672D941D60F051A","AT","MG","3116803","352A3FE680454F12B672D941D60F051A","MG3116803352A3FE680454F12B672D941D60F051A"
"119","MG-3116803-ED528BCC562E4F79928E7CB9E9BCB864","AT","MG","3116803","ED528BCC562E4F79928E7CB9E9BCB864","MG3116803ED528BCC562E4F79928E7CB9E9BCB864"
"120","MG-3116803-7D848E64FA7B4BEFBF760FF075167591","AT","MG","3116803","7D848E64FA7B4BEFBF760FF075167591","MG31168037D848E64FA7B4BEFBF760FF075167591"
"121","MG-3116803-C359CFD0C4924356ABC76864F6537575","AT","MG","3116803","C359CFD0C4924356ABC76864F6537575","MG3116803C359CFD0C4924356ABC76864F6537575"
"122","MG-3116803-BDED2C1BFFCF46CEBE5A301E4A46F0D9","AT","MG","3116803","BDED2C1BFFCF46CEBE5A301E4A46F0D9","MG3116803BDED2C1BFFCF46CEBE5A301E4A46F0D9"
"123","MG-3116803-7ED6005B6C6B42DFAF9AF06A24E12C49","AT","MG","3116803","7ED6005B6C6B42DFAF9AF06A24E12C49","MG31168037ED6005B6C6B42DFAF9AF06A24E12C49"
"124","MG-3116803-05273BA2C3974DF1BEECEB00526EC87A","AT","MG","3116803","05273BA2C3974DF1BEECEB00526EC87A","MG311680305273BA2C3974DF1BEECEB00526EC87A"
"125","MG-3116803-B75B2F762A55483AAC662B970FDB96F2","AT","MG","3116803","B75B2F762A55483AAC662B970FDB96F2","MG3116803B75B2F762A55483AAC662B970FDB96F2"
"126","MG-3116803-BE85BBCBE3274BF9906BAB5E04C1AAA4","AT","MG","3116803","BE85BBCBE3274BF9906BAB5E04C1AAA4","MG3116803BE85BBCBE3274BF9906BAB5E04C1AAA4"
"127","MG-3116803-E06F7AB5252644669062C17F7A61E156","AT","MG","3116803","E06F7AB5252644669062C17F7A61E156","MG3116803E06F7AB5252644669062C17F7A61E156"
"128","MG-3116803-683CA3A955114757B4DDADCEBE882348","AT","MG","3116803","683CA3A955114757B4DDADCEBE882348","MG3116803683CA3A955114757B4DDADCEBE882348"
"129","MG-3116803-30C14CF45F4541C3BEACADCDD1D02345","AT","MG","3116803","30C14CF45F4541C3BEACADCDD1D02345","MG311680330C14CF45F4541C3BEACADCDD1D02345"
"130","MG-3116803-B2DF2E21E4CC4957830FB111CB4BA3BE","AT","MG","3116803","B2DF2E21E4CC4957830FB111CB4BA3BE","MG3116803B2DF2E21E4CC4957830FB111CB4BA3BE"
"131","MG-3116803-52004DB0D275487C818FDE5E68CFFFD2","AT","MG","3116803","52004DB0D275487C818FDE5E68CFFFD2","MG311680352004DB0D275487C818FDE5E68CFFFD2"
"132","MG-3116803-F234AB553D3B4CBE88C6A62DCCCBC0B1","AT","MG","3116803","F234AB553D3B4CBE88C6A62DCCCBC0B1","MG3116803F234AB553D3B4CBE88C6A62DCCCBC0B1"
"133","MG-3116803-C2D8C05182B94C839D678E9D86CA4DFA","AT","MG","3116803","C2D8C05182B94C839D678E9D86CA4DFA","MG3116803C2D8C05182B94C839D678E9D86CA4DFA"
"134","MG-3116803-FB04D20E5D3D4A408E1479D40FE35E29","AT","MG","3116803","FB04D20E5D3D4A408E1479D40FE35E29","MG3116803FB04D20E5D3D4A408E1479D40FE35E29"
"135","MG-3116803-3A69C28B16B74143A928B32D25C2306A","AT","MG","3116803","3A69C28B16B74143A928B32D25C2306A","MG31168033A69C28B16B74143A928B32D25C2306A"
"136","MG-3116803-C92AEB115D164818AA12218AC1ED21E0","AT","MG","3116803","C92AEB115D164818AA12218AC1ED21E0","MG3116803C92AEB115D164818AA12218AC1ED21E0"
"137","MG-3116803-90606D711DB64D53BE7B5E645645F39D","AT","MG","3116803","90606D711DB64D53BE7B5E645645F39D","MG311680390606D711DB64D53BE7B5E645645F39D"
"138","MG-3116803-2B68996986B3491AAE6CF18F1E88F1B2","AT","MG","3116803","2B68996986B3491AAE6CF18F1E88F1B2","MG31168032B68996986B3491AAE6CF18F1E88F1B2"
"139","MG-3116803-156798B36F83405B83966DC6228BC468","AT","MG","3116803","156798B36F83405B83966DC6228BC468","MG3116803156798B36F83405B83966DC6228BC468"
"140","MG-3116803-3944A3D829724F23A2BD786FA7CC483D","AT","MG","3116803","3944A3D829724F23A2BD786FA7CC483D","MG31168033944A3D829724F23A2BD786FA7CC483D"
"141","MG-3116803-4C4E9ACFA09F4E7AB41BD3363D08CE0C","AT","MG","3116803","4C4E9ACFA09F4E7AB41BD3363D08CE0C","MG31168034C4E9ACFA09F4E7AB41BD3363D08CE0C"
"142","MG-3116803-DC5B3DFC636F44658875E68F7B21280B","AT","MG","3116803","DC5B3DFC636F44658875E68F7B21280B","MG3116803DC5B3DFC636F44658875E68F7B21280B"
"143","MG-3116803-F20755A2BE77403391B5B7152BEAC2E2","AT","MG","3116803","F20755A2BE77403391B5B7152BEAC2E2","MG3116803F20755A2BE77403391B5B7152BEAC2E2"
"144","MG-3116803-D22DE0D2EE15484E97B6C6FDE2313AAA","AT","MG","3116803","D22DE0D2EE15484E97B6C6FDE2313AAA","MG3116803D22DE0D2EE15484E97B6C6FDE2313AAA"
"145","MG-3116803-D509AE16214545B1AB99391CBDA5D9BA","AT","MG","3116803","D509AE16214545B1AB99391CBDA5D9BA","MG3116803D509AE16214545B1AB99391CBDA5D9BA"
"146","MG-3116803-62D1C2FFE0DF46F69E6EAA5C42FC329D","AT","MG","3116803","62D1C2FFE0DF46F69E6EAA5C42FC329D","MG311680362D1C2FFE0DF46F69E6EAA5C42FC329D"
"147","MG-3116803-2F33E749FAFD45CAB1968A24DA87882D","AT","MG","3116803","2F33E749FAFD45CAB1968A24DA87882D","MG31168032F33E749FAFD45CAB1968A24DA87882D"
"148","MG-3116803-2984B06900244F64B6B6BDA243606F45","AT","MG","3116803","2984B06900244F64B6B6BDA243606F45","MG31168032984B06900244F64B6B6BDA243606F45"
"149","MG-3116803-003A99ACDEFD4B77945869E921335ADC","AT","MG","3116803","003A99ACDEFD4B77945869E921335ADC","MG3116803003A99ACDEFD4B77945869E921335ADC"
"150","MG-3116803-2538D81D005E4697BEFD9EC8FCBA920E","AT","MG","3116803","2538D81D005E4697BEFD9EC8FCBA920E","MG31168032538D81D005E4697BEFD9EC8FCBA920E"
"151","MG-3116803-F5C3030FF90849A2AFE86EFCB44E4268","AT","MG","3116803","F5C3030FF90849A2AFE86EFCB44E4268","MG3116803F5C3030FF90849A2AFE86EFCB44E4268"
"152","MG-3116803-93AE6516036A4649B35AECA552B5E6DF","AT","MG","3116803","93AE6516036A4649B35AECA552B5E6DF","MG311680393AE6516036A4649B35AECA552B5E6DF"
"153","MG-3116803-126E1962864D421880C43F79970F72EB","AT","MG","3116803","126E1962864D421880C43F79970F72EB","MG3116803126E1962864D421880C43F79970F72EB"
"154","MG-3116803-B7850FCE7A7D4BC29C1258FF5FAFD1BD","AT","MG","3116803","B7850FCE7A7D4BC29C1258FF5FAFD1BD","MG3116803B7850FCE7A7D4BC29C1258FF5FAFD1BD"
"155","MG-3116803-F44FE3B1CFD1446491F834F997208030","AT","MG","3116803","F44FE3B1CFD1446491F834F997208030","MG3116803F44FE3B1CFD1446491F834F997208030"
"156","MG-3116803-0E899BA4C5F54DDEB2A759BF37FE4363","AT","MG","3116803","0E899BA4C5F54DDEB2A759BF37FE4363","MG31168030E899BA4C5F54DDEB2A759BF37FE4363"
"157","MG-3116803-F5197B05CBD84976A060E3C4109F34C3","AT","MG","3116803","F5197B05CBD84976A060E3C4109F34C3","MG3116803F5197B05CBD84976A060E3C4109F34C3"
"158","MG-3116803-CA7C5E2144B54DA497C0771E3B53EBE6","AT","MG","3116803","CA7C5E2144B54DA497C0771E3B53EBE6","MG3116803CA7C5E2144B54DA497C0771E3B53EBE6"
"159","MG-3116803-F404D3703FBF403497B209CF73EC30A8","AT","MG","3116803","F404D3703FBF403497B209CF73EC30A8","MG3116803F404D3703FBF403497B209CF73EC30A8"
"160","MG-3116803-69105EFE6928498A894E42CAACDD1D9F","AT","MG","3116803","69105EFE6928498A894E42CAACDD1D9F","MG311680369105EFE6928498A894E42CAACDD1D9F"
"161","MG-3116803-B8FFE08A46BE4188B6CB18DC96CAD53C","AT","MG","3116803","B8FFE08A46BE4188B6CB18DC96CAD53C","MG3116803B8FFE08A46BE4188B6CB18DC96CAD53C"
"162","MG-3116803-67D7C2D17735488C88CD838E45778C5A","AT","MG","3116803","67D7C2D17735488C88CD838E45778C5A","MG311680367D7C2D17735488C88CD838E45778C5A"
"163","MG-3116803-152016ECA0F3468E8795B0E7D6B74367","AT","MG","3116803","152016ECA0F3468E8795B0E7D6B74367","MG3116803152016ECA0F3468E8795B0E7D6B74367"
"164","MG-3116803-42D165D4290A473AA0C351BAB292E1AA","AT","MG","3116803","42D165D4290A473AA0C351BAB292E1AA","MG311680342D165D4290A473AA0C351BAB292E1AA"
"165","MG-3116803-CDECB49823554C4D887A00EA5D483918","AT","MG","3116803","CDECB49823554C4D887A00EA5D483918","MG3116803CDECB49823554C4D887A00EA5D483918"
"166","MG-3116803-63B34419E0BB4D9EB659A85644AA38DE","AT","MG","3116803","63B34419E0BB4D9EB659A85644AA38DE","MG311680363B34419E0BB4D9EB659A85644AA38DE"
"167","MG-3116803-26AC9DD59C1D47DC825A3A280B079652","AT","MG","3116803","26AC9DD59C1D47DC825A3A280B079652","MG311680326AC9DD59C1D47DC825A3A280B079652"
"168","MG-3116803-951B7EB1764F45B9BFAEEC4B297EFA65","AT","MG","3116803","951B7EB1764F45B9BFAEEC4B297EFA65","MG3116803951B7EB1764F45B9BFAEEC4B297EFA65"
"169","MG-3116803-4A6D68BE1A8C4A0590414BB19558E5F8","AT","MG","3116803","4A6D68BE1A8C4A0590414BB19558E5F8","MG31168034A6D68BE1A8C4A0590414BB19558E5F8"
"170","MG-3116803-C26702A84A0D4089981700CE1492670B","AT","MG","3116803","C26702A84A0D4089981700CE1492670B","MG3116803C26702A84A0D4089981700CE1492670B"
"171","MG-3116803-1B12BA0ECFFB4313A2AA73744249AC1F","AT","MG","3116803","1B12BA0ECFFB4313A2AA73744249AC1F","MG31168031B12BA0ECFFB4313A2AA73744249AC1F"
"172","MG-3116803-3EC9EF0AE43F4A6F840B22FA0D787108","AT","MG","3116803","3EC9EF0AE43F4A6F840B22FA0D787108","MG31168033EC9EF0AE43F4A6F840B22FA0D787108"
"173","MG-3116803-6BDD24A2AE1549439F369095E4FF3CFA","AT","MG","3116803","6BDD24A2AE1549439F369095E4FF3CFA","MG31168036BDD24A2AE1549439F369095E4FF3CFA"
"174","MG-3116803-7222F631CD8846E2905376030072881A","AT","MG","3116803","7222F631CD8846E2905376030072881A","MG31168037222F631CD8846E2905376030072881A"
"175","MG-3116803-AF83C286C3094C2C838C6F1155C93E48","AT","MG","3116803","AF83C286C3094C2C838C6F1155C93E48","MG3116803AF83C286C3094C2C838C6F1155C93E48"
"176","MG-3116803-76A08DDF11494CA99F3E311C1F27D914","AT","MG","3116803","76A08DDF11494CA99F3E311C1F27D914","MG311680376A08DDF11494CA99F3E311C1F27D914"
"177","MG-3116803-9F82ABEC4DAA498D84C1BF3B87DED7DC","AT","MG","3116803","9F82ABEC4DAA498D84C1BF3B87DED7DC","MG31168039F82ABEC4DAA498D84C1BF3B87DED7DC"
"178","MG-3116803-59E311DBF089454E80AAB695154EF33E","AT","MG","3116803","59E311DBF089454E80AAB695154EF33E","MG311680359E311DBF089454E80AAB695154EF33E"
"179","MG-3116803-6B5656601C33406887635D67EB349D2C","AT","MG","3116803","6B5656601C33406887635D67EB349D2C","MG31168036B5656601C33406887635D67EB349D2C"
"180","MG-3116803-93599F0D516A46389D9E15516AD769B3","AT","MG","3116803","93599F0D516A46389D9E15516AD769B3","MG311680393599F0D516A46389D9E15516AD769B3"
"181","MG-3116803-45E18A499E3449F48B203A8528B9361D","AT","MG","3116803","45E18A499E3449F48B203A8528B9361D","MG311680345E18A499E3449F48B203A8528B9361D"
"182","MG-3116803-5604DB47FF91407ABF88DE2672F7BDDA","AT","MG","3116803","5604DB47FF91407ABF88DE2672F7BDDA","MG31168035604DB47FF91407ABF88DE2672F7BDDA"
"183","MG-3116803-96DC8A92DD0A4A20A1BADB2FA81E421D","AT","MG","3116803","96DC8A92DD0A4A20A1BADB2FA81E421D","MG311680396DC8A92DD0A4A20A1BADB2FA81E421D"
"184","MG-3116803-B6796FFF568B48FBB45B06863A138133","AT","MG","3116803","B6796FFF568B48FBB45B06863A138133","MG3116803B6796FFF568B48FBB45B06863A138133"
"185","MG-3116803-85DCD665BCDC495A859E8D6887875C05","AT","MG","3116803","85DCD665BCDC495A859E8D6887875C05","MG311680385DCD665BCDC495A859E8D6887875C05"
"186","MG-3116803-EFF936BAB6184AB3844F03FBFB94F89F","AT","MG","3116803","EFF936BAB6184AB3844F03FBFB94F89F","MG3116803EFF936BAB6184AB3844F03FBFB94F89F"
"187","MG-3116803-79162C7C7FA24A42B4A56CA589F9FCFB","AT","MG","3116803","79162C7C7FA24A42B4A56CA589F9FCFB","MG311680379162C7C7FA24A42B4A56CA589F9FCFB"
"188","MG-3116803-A4ECD682B0644A57AF8F8ADBEC47E85B","AT","MG","3116803","A4ECD682B0644A57AF8F8ADBEC47E85B","MG3116803A4ECD682B0644A57AF8F8ADBEC47E85B"
"189","MG-3116803-1393BEA5E5194C6FBA2A8732DD0D0C7C","AT","MG","3116803","1393BEA5E5194C6FBA2A8732DD0D0C7C","MG31168031393BEA5E5194C6FBA2A8732DD0D0C7C"
"190","MG-3116803-DC19E2D3D60F4217B1284A0490565BBA","AT","MG","3116803","DC19E2D3D60F4217B1284A0490565BBA","MG3116803DC19E2D3D60F4217B1284A0490565BBA"
"191","MG-3116803-6B1DB816D86B4A5C8E10C2F3328F3D1F","AT","MG","3116803","6B1DB816D86B4A5C8E10C2F3328F3D1F","MG31168036B1DB816D86B4A5C8E10C2F3328F3D1F"
"192","MG-3116803-725541A96ED4450D837606E5A541B972","AT","MG","3116803","725541A96ED4450D837606E5A541B972","MG3116803725541A96ED4450D837606E5A541B972"
"193","MG-3116803-94378A5BE3E34B0A923693BCB56C509F","AT","MG","3116803","94378A5BE3E34B0A923693BCB56C509F","MG311680394378A5BE3E34B0A923693BCB56C509F"
"194","MG-3116803-362B8824EF4240D4BDACBED9B177ED72","AT","MG","3116803","362B8824EF4240D4BDACBED9B177ED72","MG3116803362B8824EF4240D4BDACBED9B177ED72"
"195","MG-3116803-C987E703D3AA4AD984AC962D1828C913","AT","MG","3116803","C987E703D3AA4AD984AC962D1828C913","MG3116803C987E703D3AA4AD984AC962D1828C913"
"196","MG-3116803-BDE4B6F322064271A24EFBB84109B317","AT","MG","3116803","BDE4B6F322064271A24EFBB84109B317","MG3116803BDE4B6F322064271A24EFBB84109B317"
"197","MG-3116803-37B3CE694BFE4CA2859949B9F78BE2EA","AT","MG","3116803","37B3CE694BFE4CA2859949B9F78BE2EA","MG311680337B3CE694BFE4CA2859949B9F78BE2EA"
"198","MG-3116803-F85BB33C6C444F668DBB49CA1CC25D46","AT","MG","3116803","F85BB33C6C444F668DBB49CA1CC25D46","MG3116803F85BB33C6C444F668DBB49CA1CC25D46"
"199","MG-3116803-AC22701B96BA4165BC58EF4D5E4FFF93","AT","MG","3116803","AC22701B96BA4165BC58EF4D5E4FFF93","MG3116803AC22701B96BA4165BC58EF4D5E4FFF93"
"200","MG-3116803-361301CB2335428FA701147E1292E605","AT","MG","3116803","361301CB2335428FA701147E1292E605","MG3116803361301CB2335428FA701147E1292E605"
"201","MG-3116803-E4FCA82DC313424CB3B6187639048ED1","AT","MG","3116803","E4FCA82DC313424CB3B6187639048ED1","MG3116803E4FCA82DC313424CB3B6187639048ED1"
"202","MG-3116803-BF2751D073DB4AE5A6B51524DE1B05DE","AT","MG","3116803","BF2751D073DB4AE5A6B51524DE1B05DE","MG3116803BF2751D073DB4AE5A6B51524DE1B05DE"
"203","MG-3116803-7678F7C5B34545C28CAAF33FB82781E8","AT","MG","3116803","7678F7C5B34545C28CAAF33FB82781E8","MG31168037678F7C5B34545C28CAAF33FB82781E8"
"204","MG-3116803-3BE1742D67544AB29B6C81B8B762EDC3","AT","MG","3116803","3BE1742D67544AB29B6C81B8B762EDC3","MG31168033BE1742D67544AB29B6C81B8B762EDC3"
"205","MG-3116803-3AD5CB6252F6463EA22B0588A9EB967C","AT","MG","3116803","3AD5CB6252F6463EA22B0588A9EB967C","MG31168033AD5CB6252F6463EA22B0588A9EB967C"
"206","MG-3116803-32A57A2EF99D40618147DFB1C87A20E5","AT","MG","3116803","32A57A2EF99D40618147DFB1C87A20E5","MG311680332A57A2EF99D40618147DFB1C87A20E5"
"207","MG-3116803-40AC66AC0B1F4D61A0A37C215611823E","AT","MG","3116803","40AC66AC0B1F4D61A0A37C215611823E","MG311680340AC66AC0B1F4D61A0A37C215611823E"
"208","MG-3116803-62073720EB8B4BB8990FB01E2BB88589","AT","MG","3116803","62073720EB8B4BB8990FB01E2BB88589","MG311680362073720EB8B4BB8990FB01E2BB88589"
"209","MG-3116803-17181847531647C9BB01F084A48FEA0C","AT","MG","3116803","17181847531647C9BB01F084A48FEA0C","MG311680317181847531647C9BB01F084A48FEA0C"
"210","MG-3116803-6A25036D3C9644E4ABD55F2A39534F2D","AT","MG","3116803","6A25036D3C9644E4ABD55F2A39534F2D","MG31168036A25036D3C9644E4ABD55F2A39534F2D"
"211","MG-3116803-E3A91387BF4C4A98A47B055BE99E0B4D","AT","MG","3116803","E3A91387BF4C4A98A47B055BE99E0B4D","MG3116803E3A91387BF4C4A98A47B055BE99E0B4D"
"212","MG-3116803-DDE0FAF4FA444425943B75818BC9BD34","AT","MG","3116803","DDE0FAF4FA444425943B75818BC9BD34","MG3116803DDE0FAF4FA444425943B75818BC9BD34"
"213","MG-3116803-C0839CB4A5A3430FA4B398F47109453F","AT","MG","3116803","C0839CB4A5A3430FA4B398F47109453F","MG3116803C0839CB4A5A3430FA4B398F47109453F"
"214","MG-3116803-9E449D11CCAB4478BB0D8F42D5435910","AT","MG","3116803","9E449D11CCAB4478BB0D8F42D5435910","MG31168039E449D11CCAB4478BB0D8F42D5435910"
"215","MG-3116803-1FAF7A21B9E0411682890435A53A31E9","AT","MG","3116803","1FAF7A21B9E0411682890435A53A31E9","MG31168031FAF7A21B9E0411682890435A53A31E9"
"216","MG-3116803-DA3C53CFE92E41B194963941BA3583E8","AT","MG","3116803","DA3C53CFE92E41B194963941BA3583E8","MG3116803DA3C53CFE92E41B194963941BA3583E8"
"217","MG-3116803-B7ED1C1D308D42119842CA55E4A46340","AT","MG","3116803","B7ED1C1D308D42119842CA55E4A46340","MG3116803B7ED1C1D308D42119842CA55E4A46340"
"218","MG-3116803-A36B8B7C6B6C41058334B63E0E7DEA91","AT","MG","3116803","A36B8B7C6B6C41058334B63E0E7DEA91","MG3116803A36B8B7C6B6C41058334B63E0E7DEA91"
"219","MG-3116803-7635456F510E439F85DAB930D047F4FE","AT","MG","3116803","7635456F510E439F85DAB930D047F4FE","MG31168037635456F510E439F85DAB930D047F4FE"
"220","MG-3116803-0FE3499E74A24163B669D36E9520B175","AT","MG","3116803","0FE3499E74A24163B669D36E9520B175","MG31168030FE3499E74A24163B669D36E9520B175"
"221","MG-3116803-5AC105B4136441888F5DF1F96E0BFD98","AT","MG","3116803","5AC105B4136441888F5DF1F96E0BFD98","MG31168035AC105B4136441888F5DF1F96E0BFD98"
"222","MG-3116803-F77FA8A437E0497F8C91B0739482C92A","AT","MG","3116803","F77FA8A437E0497F8C91B0739482C92A","MG3116803F77FA8A437E0497F8C91B0739482C92A"
"223","MG-3116803-B22C6BAE0C104209B361C0C97C017E13","AT","MG","3116803","B22C6BAE0C104209B361C0C97C017E13","MG3116803B22C6BAE0C104209B361C0C97C017E13"
"224","MG-3116803-398B46EB8D544FEFBF3E50ABB75D3930","AT","MG","3116803","398B46EB8D544FEFBF3E50ABB75D3930","MG3116803398B46EB8D544FEFBF3E50ABB75D3930"
"225","MG-3116803-F24B9FC3FDF94893A89F383CA2849E71","AT","MG","3116803","F24B9FC3FDF94893A89F383CA2849E71","MG3116803F24B9FC3FDF94893A89F383CA2849E71"
"226","MG-3116803-E204FAFAD1C947ADBD989634A5C09D53","AT","MG","3116803","E204FAFAD1C947ADBD989634A5C09D53","MG3116803E204FAFAD1C947ADBD989634A5C09D53"
"227","MG-3116803-10943910A0DC499F97F6E895EF696365","AT","MG","3116803","10943910A0DC499F97F6E895EF696365","MG311680310943910A0DC499F97F6E895EF696365"
"228","MG-3116803-F9F223D177B142C2937942D1A973C16C","AT","MG","3116803","F9F223D177B142C2937942D1A973C16C","MG3116803F9F223D177B142C2937942D1A973C16C"
"229","MG-3116803-85E4AFE54CB341FF9379BAB01F4025D5","AT","MG","3116803","85E4AFE54CB341FF9379BAB01F4025D5","MG311680385E4AFE54CB341FF9379BAB01F4025D5"
"230","MG-3116803-19F51AABD92A419CBA89C2D49A71B757","AT","MG","3116803","19F51AABD92A419CBA89C2D49A71B757","MG311680319F51AABD92A419CBA89C2D49A71B757"
"231","MG-3116803-C29915CC25614CF4A2C69BBC4A016B67","AT","MG","3116803","C29915CC25614CF4A2C69BBC4A016B67","MG3116803C29915CC25614CF4A2C69BBC4A016B67"
"232","MG-3116803-3B054D0681E849F5A83F6243F2C14DFD","AT","MG","3116803","3B054D0681E849F5A83F6243F2C14DFD","MG31168033B054D0681E849F5A83F6243F2C14DFD"
"233","MG-3116803-BE82F28C4105467186D2E6E8B63C324D","AT","MG","3116803","BE82F28C4105467186D2E6E8B63C324D","MG3116803BE82F28C4105467186D2E6E8B63C324D"
"234","MG-3116803-0EDFC9D1DA1547B290B9AAF006AD6A87","AT","MG","3116803","0EDFC9D1DA1547B290B9AAF006AD6A87","MG31168030EDFC9D1DA1547B290B9AAF006AD6A87"
"235","MG-3116803-4D6F718D2B604C01B53CA384C3866439","AT","MG","3116803","4D6F718D2B604C01B53CA384C3866439","MG31168034D6F718D2B604C01B53CA384C3866439"
"236","MG-3116803-EDE3EE5E53E543428524450C95C69744","AT","MG","3116803","EDE3EE5E53E543428524450C95C69744","MG3116803EDE3EE5E53E543428524450C95C69744"
"237","MG-3116803-8A5A1EBA76C546FB9A12B05967374B93","AT","MG","3116803","8A5A1EBA76C546FB9A12B05967374B93","MG31168038A5A1EBA76C546FB9A12B05967374B93"
"238","MG-3116803-1D9785B47A564508BD1BC56BB230150B","AT","MG","3116803","1D9785B47A564508BD1BC56BB230150B","MG31168031D9785B47A564508BD1BC56BB230150B"
"239","MG-3116803-FF5DED998EE84B2FA30ACE3D2FE18955","AT","MG","3116803","FF5DED998EE84B2FA30ACE3D2FE18955","MG3116803FF5DED998EE84B2FA30ACE3D2FE18955"
"240","MG-3116803-5F2F6268E2844E318461B3E6BAC50891","AT","MG","3116803","5F2F6268E2844E318461B3E6BAC50891","MG31168035F2F6268E2844E318461B3E6BAC50891"
"241","MG-3116803-5F6D30FDAA394CF799333ABD3BE3202C","AT","MG","3116803","5F6D30FDAA394CF799333ABD3BE3202C","MG31168035F6D30FDAA394CF799333ABD3BE3202C"
"242","MG-3116803-00C2E6746F9C47EAA61780E940BFB4BF","AT","MG","3116803","00C2E6746F9C47EAA61780E940BFB4BF","MG311680300C2E6746F9C47EAA61780E940BFB4BF"
"243","MG-3116803-B8A4897E90AB4B45BCE42C5AF5AA2C48","AT","MG","3116803","B8A4897E90AB4B45BCE42C5AF5AA2C48","MG3116803B8A4897E90AB4B45BCE42C5AF5AA2C48"
"244","MG-3116803-A6A61849E2F74880868D7A6BDDC965E9","AT","MG","3116803","A6A61849E2F74880868D7A6BDDC965E9","MG3116803A6A61849E2F74880868D7A6BDDC965E9"
"245","MG-3116803-22054609A8B0441E8585243631AE9B5D","AT","MG","3116803","22054609A8B0441E8585243631AE9B5D","MG311680322054609A8B0441E8585243631AE9B5D"
"246","MG-3116803-ED655F862AD141F399234BA255B62FFF","AT","MG","3116803","ED655F862AD141F399234BA255B62FFF","MG3116803ED655F862AD141F399234BA255B62FFF"
"247","MG-3116803-AD75B496BB13481BA9A03E992ED9D80D","AT","MG","3116803","AD75B496BB13481BA9A03E992ED9D80D","MG3116803AD75B496BB13481BA9A03E992ED9D80D"
"248","MG-3116803-C710BD26B3FE472A86E1388AF33F7121","AT","MG","3116803","C710BD26B3FE472A86E1388AF33F7121","MG3116803C710BD26B3FE472A86E1388AF33F7121"
"249","MG-3116803-1D34D5BD996549198BD951A216AAAA6A","AT","MG","3116803","1D34D5BD996549198BD951A216AAAA6A","MG31168031D34D5BD996549198BD951A216AAAA6A"
"250","MG-3116803-8B2884F74EE943949B0883DE05E6FD5A","AT","MG","3116803","8B2884F74EE943949B0883DE05E6FD5A","MG31168038B2884F74EE943949B0883DE05E6FD5A"
"251","MG-3116803-43DEB68149864E7D9F5CC6DA32BB035C","AT","MG","3116803","43DEB68149864E7D9F5CC6DA32BB035C","MG311680343DEB68149864E7D9F5CC6DA32BB035C"
"252","MG-3116803-275DEE7B7D674AD783A120A2EB9D6066","AT","MG","3116803","275DEE7B7D674AD783A120A2EB9D6066","MG3116803275DEE7B7D674AD783A120A2EB9D6066"
"253","MG-3116803-DB43A8FB801F40B3B72B264F77EA6929","AT","MG","3116803","DB43A8FB801F40B3B72B264F77EA6929","MG3116803DB43A8FB801F40B3B72B264F77EA6929"
"254","MG-3116803-E5510804F3514974997881E59F36B9F9","AT","MG","3116803","E5510804F3514974997881E59F36B9F9","MG3116803E5510804F3514974997881E59F36B9F9"
"255","MG-3116803-112ED9B2A10D495193CF90FE95ED32FD","AT","MG","3116803","112ED9B2A10D495193CF90FE95ED32FD","MG3116803112ED9B2A10D495193CF90FE95ED32FD"
"256","MG-3116803-C0968738250D4D25976B16E31A6F57B3","AT","MG","3116803","C0968738250D4D25976B16E31A6F57B3","MG3116803C0968738250D4D25976B16E31A6F57B3"
"257","MG-3116803-0E00C9167B334E0C91D7DE079C509B7E","AT","MG","3116803","0E00C9167B334E0C91D7DE079C509B7E","MG31168030E00C9167B334E0C91D7DE079C509B7E"
"258","MG-3116803-DFC88B2D6D224347B5E10DEADE7D05E4","AT","MG","3116803","DFC88B2D6D224347B5E10DEADE7D05E4","MG3116803DFC88B2D6D224347B5E10DEADE7D05E4"
"259","MG-3116803-99249BBBB09E48F186796B7E7FD56448","AT","MG","3116803","99249BBBB09E48F186796B7E7FD56448","MG311680399249BBBB09E48F186796B7E7FD56448"
"260","MG-3116803-1CBBD7D8E8274A0BB7CE602EC37CE58E","AT","MG","3116803","1CBBD7D8E8274A0BB7CE602EC37CE58E","MG31168031CBBD7D8E8274A0BB7CE602EC37CE58E"
"261","MG-3116803-227E4D3912A94341B445C80AD80BFCAA","AT","MG","3116803","227E4D3912A94341B445C80AD80BFCAA","MG3116803227E4D3912A94341B445C80AD80BFCAA"
"262","MG-3116803-550D083584074CDE90FE63F38B04AAED","AT","MG","3116803","550D083584074CDE90FE63F38B04AAED","MG3116803550D083584074CDE90FE63F38B04AAED"
"263","MG-3116803-103FE59E12704F7981D17DD818FC8698","AT","MG","3116803","103FE59E12704F7981D17DD818FC8698","MG3116803103FE59E12704F7981D17DD818FC8698"
"264","MG-3116803-CD885D36CABB49CC857A247C5EFD8817","AT","MG","3116803","CD885D36CABB49CC857A247C5EFD8817","MG3116803CD885D36CABB49CC857A247C5EFD8817"
"265","MG-3116803-BFC8DAB5DCAF44E299E9AE5145CE3D5C","AT","MG","3116803","BFC8DAB5DCAF44E299E9AE5145CE3D5C","MG3116803BFC8DAB5DCAF44E299E9AE5145CE3D5C"
"266","MG-3116803-8BDF50FA802A4FFDA1888CE328C4AEAE","AT","MG","3116803","8BDF50FA802A4FFDA1888CE328C4AEAE","MG31168038BDF50FA802A4FFDA1888CE328C4AEAE"
"267","MG-3116803-D7F1510FCBDE41CEACCD513720498154","AT","MG","3116803","D7F1510FCBDE41CEACCD513720498154","MG3116803D7F1510FCBDE41CEACCD513720498154"
"268","MG-3116803-9CFDF8C176BE48DAB35D479138B8E083","AT","MG","3116803","9CFDF8C176BE48DAB35D479138B8E083","MG31168039CFDF8C176BE48DAB35D479138B8E083"
"269","MG-3116803-B667C7D683374DE182A0C05C7542853A","AT","MG","3116803","B667C7D683374DE182A0C05C7542853A","MG3116803B667C7D683374DE182A0C05C7542853A"
"270","MG-3116803-73408AEEB5154C73803AD215CB12864F","AT","MG","3116803","73408AEEB5154C73803AD215CB12864F","MG311680373408AEEB5154C73803AD215CB12864F"
"271","MG-3116803-75643A50A5EE4B9785A5FEB677BA974D","AT","MG","3116803","75643A50A5EE4B9785A5FEB677BA974D","MG311680375643A50A5EE4B9785A5FEB677BA974D"
"272","MG-3116803-3ED76369B4A54681B3E3B01F76B88F00","AT","MG","3116803","3ED76369B4A54681B3E3B01F76B88F00","MG31168033ED76369B4A54681B3E3B01F76B88F00"
"273","MG-3116803-4A78FC543526453D9A909E4133AAA87B","AT","MG","3116803","4A78FC543526453D9A909E4133AAA87B","MG31168034A78FC543526453D9A909E4133AAA87B"
"274","MG-3116803-3FD57687835243EEA38F30C3B527909A","AT","MG","3116803","3FD57687835243EEA38F30C3B527909A","MG31168033FD57687835243EEA38F30C3B527909A"
"275","MG-3116803-4769E636CB0A4ED7946BF08928B0702E","AT","MG","3116803","4769E636CB0A4ED7946BF08928B0702E","MG31168034769E636CB0A4ED7946BF08928B0702E"
"276","MG-3116803-5B5C9E137E4B4B0EB0B256BE967B5F5A","AT","MG","3116803","5B5C9E137E4B4B0EB0B256BE967B5F5A","MG31168035B5C9E137E4B4B0EB0B256BE967B5F5A"
"277","MG-3116803-8120E046EB774870B90424B9F4DD4596","AT","MG","3116803","8120E046EB774870B90424B9F4DD4596","MG31168038120E046EB774870B90424B9F4DD4596"
"278","MG-3116803-B4422E27FA324A7A87D0B38B006B2CE0","AT","MG","3116803","B4422E27FA324A7A87D0B38B006B2CE0","MG3116803B4422E27FA324A7A87D0B38B006B2CE0"
"279","MG-3116803-18FB5D6B7A71409E8D093DE8880392CD","AT","MG","3116803","18FB5D6B7A71409E8D093DE8880392CD","MG311680318FB5D6B7A71409E8D093DE8880392CD"
"280","MG-3116803-5171DBDB784E43BB9F2A363E1D98940A","AT","MG","3116803","5171DBDB784E43BB9F2A363E1D98940A","MG31168035171DBDB784E43BB9F2A363E1D98940A"
"281","MG-3116803-935E0B944F334A4AB93B883B0B84DDA4","AT","MG","3116803","935E0B944F334A4AB93B883B0B84DDA4","MG3116803935E0B944F334A4AB93B883B0B84DDA4"
"282","MG-3116803-E5D0E5D9ADB748398CA8F78C67BF27B7","AT","MG","3116803","E5D0E5D9ADB748398CA8F78C67BF27B7","MG3116803E5D0E5D9ADB748398CA8F78C67BF27B7"
"283","MG-3116803-0ADF2A81320B4100A102D246A0444E2B","AT","MG","3116803","0ADF2A81320B4100A102D246A0444E2B","MG31168030ADF2A81320B4100A102D246A0444E2B"
"284","MG-3116803-8FA8DF4BA0494901A4C987956086B797","AT","MG","3116803","8FA8DF4BA0494901A4C987956086B797","MG31168038FA8DF4BA0494901A4C987956086B797"
"285","MG-3116803-A93A0F97378542CEA28EAB452CA80146","AT","MG","3116803","A93A0F97378542CEA28EAB452CA80146","MG3116803A93A0F97378542CEA28EAB452CA80146"
"286","MG-3116803-2F77FE4F4ACA42BF92C37C707A23E1D4","AT","MG","3116803","2F77FE4F4ACA42BF92C37C707A23E1D4","MG31168032F77FE4F4ACA42BF92C37C707A23E1D4"
"287","MG-3116803-21A16BEAC23D480E9C67DA14B2011EEF","AT","MG","3116803","21A16BEAC23D480E9C67DA14B2011EEF","MG311680321A16BEAC23D480E9C67DA14B2011EEF"
"288","MG-3116803-D34F50C5FF6E4826B505ECA3FBEACFFC","AT","MG","3116803","D34F50C5FF6E4826B505ECA3FBEACFFC","MG3116803D34F50C5FF6E4826B505ECA3FBEACFFC"
"289","MG-3116803-8E9AE02076704AEF949E8B553EC19F56","AT","MG","3116803","8E9AE02076704AEF949E8B553EC19F56","MG31168038E9AE02076704AEF949E8B553EC19F56"
"290","MG-3116803-BCDBE47869954C92A2A12CC90BDE091E","AT","MG","3116803","BCDBE47869954C92A2A12CC90BDE091E","MG3116803BCDBE47869954C92A2A12CC90BDE091E"
"291","MG-3116803-4C4ED8DD3147401C8B9813A381906059","AT","MG","3116803","4C4ED8DD3147401C8B9813A381906059","MG31168034C4ED8DD3147401C8B9813A381906059"
"292","MG-3116803-A7572F998FC1485BBEA737F8310458B9","AT","MG","3116803","A7572F998FC1485BBEA737F8310458B9","MG3116803A7572F998FC1485BBEA737F8310458B9"
"293","MG-3116803-40EC1AF088D541018006EE8C7E1B1E9A","AT","MG","3116803","40EC1AF088D541018006EE8C7E1B1E9A","MG311680340EC1AF088D541018006EE8C7E1B1E9A"
"294","MG-3116803-085003C63C5B489E976B15B7ACECA4A9","AT","MG","3116803","085003C63C5B489E976B15B7ACECA4A9","MG3116803085003C63C5B489E976B15B7ACECA4A9"
"295","MG-3116803-8F2FEB37C3694B9F860C4245BC75457F","AT","MG","3116803","8F2FEB37C3694B9F860C4245BC75457F","MG31168038F2FEB37C3694B9F860C4245BC75457F"
"296","MG-3116803-E57F428C163F4612871A23C7C6E40571","AT","MG","3116803","E57F428C163F4612871A23C7C6E40571","MG3116803E57F428C163F4612871A23C7C6E40571"
"297","MG-3116803-A24B4FA9B94246AD85020BF25AB9E606","AT","MG","3116803","A24B4FA9B94246AD85020BF25AB9E606","MG3116803A24B4FA9B94246AD85020BF25AB9E606"
"298","MG-3116803-D485135CD128490D95B6C010C918D189","AT","MG","3116803","D485135CD128490D95B6C010C918D189","MG3116803D485135CD128490D95B6C010C918D189"
"299","MG-3116803-B52961CD17B14A7E8953B901D290DCEE","AT","MG","3116803","B52961CD17B14A7E8953B901D290DCEE","MG3116803B52961CD17B14A7E8953B901D290DCEE"
"300","MG-3116803-77295A0E789D45E1A31942294250B187","AT","MG","3116803","77295A0E789D45E1A31942294250B187","MG311680377295A0E789D45E1A31942294250B187"
"301","MG-3116803-2762A4A696654A49B5F37B36B4C7126A","AT","MG","3116803","2762A4A696654A49B5F37B36B4C7126A","MG31168032762A4A696654A49B5F37B36B4C7126A"
"302","MG-3116803-649597024F5846848FCF8C4BC4EE2179","AT","MG","3116803","649597024F5846848FCF8C4BC4EE2179","MG3116803649597024F5846848FCF8C4BC4EE2179"
"303","MG-3116803-7AA330F119BB404E8B1C85D5BFD101F3","AT","MG","3116803","7AA330F119BB404E8B1C85D5BFD101F3","MG31168037AA330F119BB404E8B1C85D5BFD101F3"
"304","MG-3116803-7EFE15E7C8084860B9142AA891A30485","AT","MG","3116803","7EFE15E7C8084860B9142AA891A30485","MG31168037EFE15E7C8084860B9142AA891A30485"
"305","MG-3116803-728197D58CFA4E609497CF2121BBCA26","AT","MG","3116803","728197D58CFA4E609497CF2121BBCA26","MG3116803728197D58CFA4E609497CF2121BBCA26"
"306","MG-3116803-4316583E39CF49179B1363F9F4D8FB91","AT","MG","3116803","4316583E39CF49179B1363F9F4D8FB91","MG31168034316583E39CF49179B1363F9F4D8FB91"
"307","MG-3116803-0DBCBF6D4C6A4754A5789F76AF4E497C","AT","MG","3116803","0DBCBF6D4C6A4754A5789F76AF4E497C","MG31168030DBCBF6D4C6A4754A5789F76AF4E497C"
"308","MG-3116803-95427818753C4CE89F53C86A57196731","AT","MG","3116803","95427818753C4CE89F53C86A57196731","MG311680395427818753C4CE89F53C86A57196731"
"309","MG-3116803-21F9D3039CA340DE95051455449A1588","AT","MG","3116803","21F9D3039CA340DE95051455449A1588","MG311680321F9D3039CA340DE95051455449A1588"
"310","MG-3116803-C808BE58106C4D6590FB762FB96523C9","AT","MG","3116803","C808BE58106C4D6590FB762FB96523C9","MG3116803C808BE58106C4D6590FB762FB96523C9"
"311","MG-3116803-BA1B0B6C98344C8CB19F8A989DB91E82","AT","MG","3116803","BA1B0B6C98344C8CB19F8A989DB91E82","MG3116803BA1B0B6C98344C8CB19F8A989DB91E82"
"312","MG-3116803-A8DC8F0B53EF461B98BAAF5E3C76ED86","AT","MG","3116803","A8DC8F0B53EF461B98BAAF5E3C76ED86","MG3116803A8DC8F0B53EF461B98BAAF5E3C76ED86"
"313","MG-3116803-AD9B1E5B75CF43ADA59209350BC2DDDC","AT","MG","3116803","AD9B1E5B75CF43ADA59209350BC2DDDC","MG3116803AD9B1E5B75CF43ADA59209350BC2DDDC"
"314","MG-3116803-C07935E0C95C41EC8ED30F8772AB09A6","AT","MG","3116803","C07935E0C95C41EC8ED30F8772AB09A6","MG3116803C07935E0C95C41EC8ED30F8772AB09A6"
"315","MG-3116803-1134EB42A1F94D24A8300B032B8A71AA","AT","MG","3116803","1134EB42A1F94D24A8300B032B8A71AA","MG31168031134EB42A1F94D24A8300B032B8A71AA"
"316","MG-3116803-196C8CA9FD8242EDB2BFB4D75649392A","AT","MG","3116803","196C8CA9FD8242EDB2BFB4D75649392A","MG3116803196C8CA9FD8242EDB2BFB4D75649392A"
"317","MG-3116803-2AA417C207BA44ADB9CFBCB15F0F2BB6","AT","MG","3116803","2AA417C207BA44ADB9CFBCB15F0F2BB6","MG31168032AA417C207BA44ADB9CFBCB15F0F2BB6"
"318","MG-3116803-A309B30E37B74592A3D8D97CBCBAF798","AT","MG","3116803","A309B30E37B74592A3D8D97CBCBAF798","MG3116803A309B30E37B74592A3D8D97CBCBAF798"
"319","MG-3116803-7D45C73BA24140C8A9DE87B488DC7FE0","AT","MG","3116803","7D45C73BA24140C8A9DE87B488DC7FE0","MG31168037D45C73BA24140C8A9DE87B488DC7FE0"
"320","MG-3116803-68EC5DE8B9F44CBAA013FDC97BE3B61F","AT","MG","3116803","68EC5DE8B9F44CBAA013FDC97BE3B61F","MG311680368EC5DE8B9F44CBAA013FDC97BE3B61F"
"321","MG-3116803-FD545192189D4315AEE6D82397323ECE","AT","MG","3116803","FD545192189D4315AEE6D82397323ECE","MG3116803FD545192189D4315AEE6D82397323ECE"
"322","MG-3116803-94A37DA417AB4B869B55760770FD0C87","AT","MG","3116803","94A37DA417AB4B869B55760770FD0C87","MG311680394A37DA417AB4B869B55760770FD0C87"
"323","MG-3116803-C1344E00AD9944A7BEDC574E2E282D71","AT","MG","3116803","C1344E00AD9944A7BEDC574E2E282D71","MG3116803C1344E00AD9944A7BEDC574E2E282D71"
"324","MG-3116803-3FFF0FB70295438392D997D5BA960595","AT","MG","3116803","3FFF0FB70295438392D997D5BA960595","MG31168033FFF0FB70295438392D997D5BA960595"
"325","MG-3116803-1F1B0D24DDDA43BB99964F521D5EE9F6","AT","MG","3116803","1F1B0D24DDDA43BB99964F521D5EE9F6","MG31168031F1B0D24DDDA43BB99964F521D5EE9F6"
"326","MG-3116803-CDBDE2AE7F404F11AD052522613A8918","AT","MG","3116803","CDBDE2AE7F404F11AD052522613A8918","MG3116803CDBDE2AE7F404F11AD052522613A8918"
"327","MG-3116803-786711A957DE47B1A0B037D9360F588E","AT","MG","3116803","786711A957DE47B1A0B037D9360F588E","MG3116803786711A957DE47B1A0B037D9360F588E"
"328","MG-3116803-6F666DC015C94FCAB6FF30534F33E936","AT","MG","3116803","6F666DC015C94FCAB6FF30534F33E936","MG31168036F666DC015C94FCAB6FF30534F33E936"
"329","MG-3116803-17D49420302C45B0BAA8C5EDCF4BE172","AT","MG","3116803","17D49420302C45B0BAA8C5EDCF4BE172","MG311680317D49420302C45B0BAA8C5EDCF4BE172"
"330","MG-3116803-57E75EF0CF9B4A4A8FB39FE3A696E125","AT","MG","3116803","57E75EF0CF9B4A4A8FB39FE3A696E125","MG311680357E75EF0CF9B4A4A8FB39FE3A696E125"
"331","MG-3116803-78679D83436045E5B4A360E51E8026AD","AT","MG","3116803","78679D83436045E5B4A360E51E8026AD","MG311680378679D83436045E5B4A360E51E8026AD"
"332","MG-3116803-0636504A8B514633895D64AFFA0A6DCC","AT","MG","3116803","0636504A8B514633895D64AFFA0A6DCC","MG31168030636504A8B514633895D64AFFA0A6DCC"
"333","MG-3116803-2CAED4E94DE74775956B6FDFED51EB4D","AT","MG","3116803","2CAED4E94DE74775956B6FDFED51EB4D","MG31168032CAED4E94DE74775956B6FDFED51EB4D"
"334","MG-3116803-A2FABEADFAD34EE4BEBA1C63065E76AF","AT","MG","3116803","A2FABEADFAD34EE4BEBA1C63065E76AF","MG3116803A2FABEADFAD34EE4BEBA1C63065E76AF"
"335","MG-3116803-196F5F8382194C789A489F5A4401161E","AT","MG","3116803","196F5F8382194C789A489F5A4401161E","MG3116803196F5F8382194C789A489F5A4401161E"
"336","MG-3116803-463B6ACA1CBF495596C32D7EFC07E346","AT","MG","3116803","463B6ACA1CBF495596C32D7EFC07E346","MG3116803463B6ACA1CBF495596C32D7EFC07E346"
"337","MG-3116803-49ABF8A88EB74576868C197E94FDB489","AT","MG","3116803","49ABF8A88EB74576868C197E94FDB489","MG311680349ABF8A88EB74576868C197E94FDB489"
"338","MG-3116803-508AF637FE4740CD83B5E14516EAF400","AT","MG","3116803","508AF637FE4740CD83B5E14516EAF400","MG3116803508AF637FE4740CD83B5E14516EAF400"
"339","MG-3116803-31BBAD750704424E8B2E5FE74398FA59","AT","MG","3116803","31BBAD750704424E8B2E5FE74398FA59","MG311680331BBAD750704424E8B2E5FE74398FA59"
"340","MG-3116803-3A241D90816146B587D22202CB7D9AAF","AT","MG","3116803","3A241D90816146B587D22202CB7D9AAF","MG31168033A241D90816146B587D22202CB7D9AAF"
"341","MG-3116803-F5644092C0C64D80ACF472163B4316BF","AT","MG","3116803","F5644092C0C64D80ACF472163B4316BF","MG3116803F5644092C0C64D80ACF472163B4316BF"
"342","MG-3116803-1D8F5FF7438640D8B524755A164B9225","AT","MG","3116803","1D8F5FF7438640D8B524755A164B9225","MG31168031D8F5FF7438640D8B524755A164B9225"
"343","MG-3116803-1B8A22C07DBD41B98088579302DE03B4","AT","MG","3116803","1B8A22C07DBD41B98088579302DE03B4","MG31168031B8A22C07DBD41B98088579302DE03B4"
"344","MG-3116803-DCC6151092C34E77916FB5B6CEB87E48","AT","MG","3116803","DCC6151092C34E77916FB5B6CEB87E48","MG3116803DCC6151092C34E77916FB5B6CEB87E48"
"345","MG-3116803-2BA42167C90A4180BA5A35FAA1571EFE","AT","MG","3116803","2BA42167C90A4180BA5A35FAA1571EFE","MG31168032BA42167C90A4180BA5A35FAA1571EFE"
"346","MG-3116803-46C8FA1002FA4F3E9F15B9996F66A013","AT","MG","3116803","46C8FA1002FA4F3E9F15B9996F66A013","MG311680346C8FA1002FA4F3E9F15B9996F66A013"
"347","MG-3116803-34B9A3445FBE475F89B9924E46BB8BDE","AT","MG","3116803","34B9A3445FBE475F89B9924E46BB8BDE","MG311680334B9A3445FBE475F89B9924E46BB8BDE"
"348","MG-3116803-2CFB21ECE2464DFBAB6BC863C08D53AB","AT","MG","3116803","2CFB21ECE2464DFBAB6BC863C08D53AB","MG31168032CFB21ECE2464DFBAB6BC863C08D53AB"
"349","MG-3116803-A4759C58C2704841BA36B10041744C80","AT","MG","3116803","A4759C58C2704841BA36B10041744C80","MG3116803A4759C58C2704841BA36B10041744C80"
"350","MG-3116803-D81515DDCA784B689A93B7A2576258DE","AT","MG","3116803","D81515DDCA784B689A93B7A2576258DE","MG3116803D81515DDCA784B689A93B7A2576258DE"
"351","MG-3116803-70DB5E8EC8CA467EAD16664A571C5520","AT","MG","3116803","70DB5E8EC8CA467EAD16664A571C5520","MG311680370DB5E8EC8CA467EAD16664A571C5520"
"352","MG-3116803-F5AEDF87AAD342B3B667C70E10619712","AT","MG","3116803","F5AEDF87AAD342B3B667C70E10619712","MG3116803F5AEDF87AAD342B3B667C70E10619712"
"353","MG-3116803-C1462F71D8D04B2491B8B39924286269","AT","MG","3116803","C1462F71D8D04B2491B8B39924286269","MG3116803C1462F71D8D04B2491B8B39924286269"
"354","MG-3116803-A46D1CD1DCB04FCF84BF19F0CAA39227","AT","MG","3116803","A46D1CD1DCB04FCF84BF19F0CAA39227","MG3116803A46D1CD1DCB04FCF84BF19F0CAA39227"
"355","MG-3116803-051E438CA3934A7EBB6F2D3191577025","AT","MG","3116803","051E438CA3934A7EBB6F2D3191577025","MG3116803051E438CA3934A7EBB6F2D3191577025"
"356","MG-3116803-5B683484D5934194804FD213CB1B0B84","AT","MG","3116803","5B683484D5934194804FD213CB1B0B84","MG31168035B683484D5934194804FD213CB1B0B84"
"357","MG-3116803-198DE9F1A78646DCA2E7ADBC708B3CE9","AT","MG","3116803","198DE9F1A78646DCA2E7ADBC708B3CE9","MG3116803198DE9F1A78646DCA2E7ADBC708B3CE9"
"358","MG-3116803-6EB20880C4B242179BFD767F55A3E9E7","AT","MG","3116803","6EB20880C4B242179BFD767F55A3E9E7","MG31168036EB20880C4B242179BFD767F55A3E9E7"
"359","MG-3116803-EF98E317C3464263A6E25D71B03043F1","AT","MG","3116803","EF98E317C3464263A6E25D71B03043F1","MG3116803EF98E317C3464263A6E25D71B03043F1"
"360","MG-3116803-1A78F3A94E0E492E8E8A408062A6F207","AT","MG","3116803","1A78F3A94E0E492E8E8A408062A6F207","MG31168031A78F3A94E0E492E8E8A408062A6F207"
"361","MG-3116803-6D1894EA9ED54A1D964DFB5A03E13B8F","AT","MG","3116803","6D1894EA9ED54A1D964DFB5A03E13B8F","MG31168036D1894EA9ED54A1D964DFB5A03E13B8F"
"362","MG-3116803-3A966D31A85B46B8AF39EE022695A17B","AT","MG","3116803","3A966D31A85B46B8AF39EE022695A17B","MG31168033A966D31A85B46B8AF39EE022695A17B"
"363","MG-3116803-EB8CB511AAED40128C65F110CFA73CBB","AT","MG","3116803","EB8CB511AAED40128C65F110CFA73CBB","MG3116803EB8CB511AAED40128C65F110CFA73CBB"
"364","MG-3116803-336DB1E07D5845E6848B237C39081EEA","AT","MG","3116803","336DB1E07D5845E6848B237C39081EEA","MG3116803336DB1E07D5845E6848B237C39081EEA"
"365","MG-3116803-CE2D2C0F2FB0432D8DB65697092F0F90","AT","MG","3116803","CE2D2C0F2FB0432D8DB65697092F0F90","MG3116803CE2D2C0F2FB0432D8DB65697092F0F90"
"366","MG-3116803-5F804A0A39E34211A04DE884313715F4","AT","MG","3116803","5F804A0A39E34211A04DE884313715F4","MG31168035F804A0A39E34211A04DE884313715F4"
"367","MG-3116803-BF83FA0AC6974E09BC140F9CB40C749D","AT","MG","3116803","BF83FA0AC6974E09BC140F9CB40C749D","MG3116803BF83FA0AC6974E09BC140F9CB40C749D"
"368","MG-3116803-9CD91431B2EA46BA9A69FF6DFAB23C23","AT","MG","3116803","9CD91431B2EA46BA9A69FF6DFAB23C23","MG31168039CD91431B2EA46BA9A69FF6DFAB23C23"
"369","MG-3116803-F7C4B7F535FE42C0A4A572E5C12D4992","AT","MG","3116803","F7C4B7F535FE42C0A4A572E5C12D4992","MG3116803F7C4B7F535FE42C0A4A572E5C12D4992"
"370","MG-3116803-D3E33545EF374AAD8560E67AED61547D","AT","MG","3116803","D3E33545EF374AAD8560E67AED61547D","MG3116803D3E33545EF374AAD8560E67AED61547D"
"371","MG-3116803-99DCC0273C3E45BC97974DBDC81B16AF","AT","MG","3116803","99DCC0273C3E45BC97974DBDC81B16AF","MG311680399DCC0273C3E45BC97974DBDC81B16AF"
"372","MG-3116803-4DE0BC958084434D81DAAE3A98EC2FE0","AT","MG","3116803","4DE0BC958084434D81DAAE3A98EC2FE0","MG31168034DE0BC958084434D81DAAE3A98EC2FE0"
"373","MG-3116803-8E8EB2F0315C4217AF4A9145F92A7170","AT","MG","3116803","8E8EB2F0315C4217AF4A9145F92A7170","MG31168038E8EB2F0315C4217AF4A9145F92A7170"
"374","MG-3116803-8AC74E42B074472289229B51CDD2CC0D","AT","MG","3116803","8AC74E42B074472289229B51CDD2CC0D","MG31168038AC74E42B074472289229B51CDD2CC0D"
"375","MG-3116803-72AD3FEF57BA40848C9F6FE8B8310292","AT","MG","3116803","72AD3FEF57BA40848C9F6FE8B8310292","MG311680372AD3FEF57BA40848C9F6FE8B8310292"
"376","MG-3116803-CC0437AE506544788C47A1C92BD639A2","AT","MG","3116803","CC0437AE506544788C47A1C92BD639A2","MG3116803CC0437AE506544788C47A1C92BD639A2"
"377","MG-3116803-F478BA9FC4974DB4B2D70EC4ED90DACC","AT","MG","3116803","F478BA9FC4974DB4B2D70EC4ED90DACC","MG3116803F478BA9FC4974DB4B2D70EC4ED90DACC"
"378","MG-3116803-23A6F9497FD0498A8EAB9EB011D4485F","AT","MG","3116803","23A6F9497FD0498A8EAB9EB011D4485F","MG311680323A6F9497FD0498A8EAB9EB011D4485F"
"379","MG-3116803-16FE7F09B8034DF5A9B4EB695A33A1D7","AT","MG","3116803","16FE7F09B8034DF5A9B4EB695A33A1D7","MG311680316FE7F09B8034DF5A9B4EB695A33A1D7"
"380","MG-3116803-24386A6B650B482BAF248B4865FE1A7D","AT","MG","3116803","24386A6B650B482BAF248B4865FE1A7D","MG311680324386A6B650B482BAF248B4865FE1A7D"
"381","MG-3116803-3B261E251D0F42F1B222DD293C7BFE21","AT","MG","3116803","3B261E251D0F42F1B222DD293C7BFE21","MG31168033B261E251D0F42F1B222DD293C7BFE21"
"382","MG-3116803-18BF8D39CEAE4A6EA2FD399B04AE1C78","AT","MG","3116803","18BF8D39CEAE4A6EA2FD399B04AE1C78","MG311680318BF8D39CEAE4A6EA2FD399B04AE1C78"
"383","MG-3116803-0FE5FF9168684F42A3489B9398FEFF66","AT","MG","3116803","0FE5FF9168684F42A3489B9398FEFF66","MG31168030FE5FF9168684F42A3489B9398FEFF66"
"384","MG-3116803-2A095AF80D4C4611B372E8B71A8731B1","AT","MG","3116803","2A095AF80D4C4611B372E8B71A8731B1","MG31168032A095AF80D4C4611B372E8B71A8731B1"
"385","MG-3116803-74BC876B32084D5C9F019A49E4A779E1","AT","MG","3116803","74BC876B32084D5C9F019A49E4A779E1","MG311680374BC876B32084D5C9F019A49E4A779E1"
"386","MG-3116803-13C6A90BC8EB4C95978A0BD6CEA61088","AT","MG","3116803","13C6A90BC8EB4C95978A0BD6CEA61088","MG311680313C6A90BC8EB4C95978A0BD6CEA61088"
"387","MG-3116803-17245BCCB55748939BACBB44F2E3CF73","AT","MG","3116803","17245BCCB55748939BACBB44F2E3CF73","MG311680317245BCCB55748939BACBB44F2E3CF73"
"388","MG-3116803-5A352809441B489CAE931DC10D445FEA","AT","MG","3116803","5A352809441B489CAE931DC10D445FEA","MG31168035A352809441B489CAE931DC10D445FEA"
"389","MG-3116803-44B12C4D1ABB455B80BB687D6635B4B0","AT","MG","3116803","44B12C4D1ABB455B80BB687D6635B4B0","MG311680344B12C4D1ABB455B80BB687D6635B4B0"
"390","MG-3116803-A3164E6C876542838FF4DE1C7C0505B8","AT","MG","3116803","A3164E6C876542838FF4DE1C7C0505B8","MG3116803A3164E6C876542838FF4DE1C7C0505B8"
"391","MG-3116803-71951DCE1D9C4750AD8BC8152287B609","AT","MG","3116803","71951DCE1D9C4750AD8BC8152287B609","MG311680371951DCE1D9C4750AD8BC8152287B609"
"392","MG-3116803-FC9E398472F74B9E87901AC56B1C7854","AT","MG","3116803","FC9E398472F74B9E87901AC56B1C7854","MG3116803FC9E398472F74B9E87901AC56B1C7854"
"393","MG-3116803-33FCEDB7C9904487A88B73DE745F053F","AT","MG","3116803","33FCEDB7C9904487A88B73DE745F053F","MG311680333FCEDB7C9904487A88B73DE745F053F"
"394","MG-3116803-AA40C76B07EC41C18C1CDB3FA1658DBA","AT","MG","3116803","AA40C76B07EC41C18C1CDB3FA1658DBA","MG3116803AA40C76B07EC41C18C1CDB3FA1658DBA"
"395","MG-3116803-20F6B9AD104746D892B8DCE022D2B5A4","AT","MG","3116803","20F6B9AD104746D892B8DCE022D2B5A4","MG311680320F6B9AD104746D892B8DCE022D2B5A4"
"396","MG-3116803-25551E2F21F74908AA0FA776138D0308","AT","MG","3116803","25551E2F21F74908AA0FA776138D0308","MG311680325551E2F21F74908AA0FA776138D0308"
"397","MG-3116803-9FF9FA9FDEF8439FAB52A0A9AB1D5C61","AT","MG","3116803","9FF9FA9FDEF8439FAB52A0A9AB1D5C61","MG31168039FF9FA9FDEF8439FAB52A0A9AB1D5C61"
"398","MG-3116803-270838CB3DA94663B81C48E5258417B1","AT","MG","3116803","270838CB3DA94663B81C48E5258417B1","MG3116803270838CB3DA94663B81C48E5258417B1"
"399","MG-3116803-998C830FBB34448DB4E7C1439B24A1E7","AT","MG","3116803","998C830FBB34448DB4E7C1439B24A1E7","MG3116803998C830FBB34448DB4E7C1439B24A1E7"
"400","MG-3116803-29913D489C1F489AB46DDFC87C1F64A6","AT","MG","3116803","29913D489C1F489AB46DDFC87C1F64A6","MG311680329913D489C1F489AB46DDFC87C1F64A6"
"401","MG-3116803-005A900CD8D54E87BBECB2EE7D141406","AT","MG","3116803","005A900CD8D54E87BBECB2EE7D141406","MG3116803005A900CD8D54E87BBECB2EE7D141406"
"402","MG-3116803-CEBDF161B2D3487FA4E68C8ADA90499B","AT","MG","3116803","CEBDF161B2D3487FA4E68C8ADA90499B","MG3116803CEBDF161B2D3487FA4E68C8ADA90499B"
"403","MG-3116803-B71192E98666469FB9DCBFA18F96D05D","AT","MG","3116803","B71192E98666469FB9DCBFA18F96D05D","MG3116803B71192E98666469FB9DCBFA18F96D05D"
"404","MG-3116803-1E5710E552BB4BB1B47C922319ADE0DD","AT","MG","3116803","1E5710E552BB4BB1B47C922319ADE0DD","MG31168031E5710E552BB4BB1B47C922319ADE0DD"
"405","MG-3116803-2EEB6FD2FB5D44D9ABD5C62FCCC9BC46","AT","MG","3116803","2EEB6FD2FB5D44D9ABD5C62FCCC9BC46","MG31168032EEB6FD2FB5D44D9ABD5C62FCCC9BC46"
"406","MG-3116803-331DBB32397B481C9EDCE6CB96F24EE9","AT","MG","3116803","331DBB32397B481C9EDCE6CB96F24EE9","MG3116803331DBB32397B481C9EDCE6CB96F24EE9"
"407","MG-3116803-F6F8986FD433472B9D34DA3E1DC3689F","AT","MG","3116803","F6F8986FD433472B9D34DA3E1DC3689F","MG3116803F6F8986FD433472B9D34DA3E1DC3689F"
"408","MG-3116803-4ADE381AEB5747009696B27B75795B4A","AT","MG","3116803","4ADE381AEB5747009696B27B75795B4A","MG31168034ADE381AEB5747009696B27B75795B4A"
"409","MG-3116803-7020352641E9439A86E245919E7D8FFB","AT","MG","3116803","7020352641E9439A86E245919E7D8FFB","MG31168037020352641E9439A86E245919E7D8FFB"
"410","MG-3116803-F3A6DCA917FC433E9F2CE22142283ACA","AT","MG","3116803","F3A6DCA917FC433E9F2CE22142283ACA","MG3116803F3A6DCA917FC433E9F2CE22142283ACA"
"411","MG-3116803-EB4747545EFB40CEB6F9CEE4F7589000","AT","MG","3116803","EB4747545EFB40CEB6F9CEE4F7589000","MG3116803EB4747545EFB40CEB6F9CEE4F7589000"
"412","MG-3116803-EF75DDA7CFC94B6D9BD6041030A1D0BD","AT","MG","3116803","EF75DDA7CFC94B6D9BD6041030A1D0BD","MG3116803EF75DDA7CFC94B6D9BD6041030A1D0BD"
"413","MG-3116803-06E750A055624B7D85CEF7FDA554ACAD","AT","MG","3116803","06E750A055624B7D85CEF7FDA554ACAD","MG311680306E750A055624B7D85CEF7FDA554ACAD"
"414","MG-3116803-403826C7B84945D4BFE71BC6CDDCA2D9","AT","MG","3116803","403826C7B84945D4BFE71BC6CDDCA2D9","MG3116803403826C7B84945D4BFE71BC6CDDCA2D9"
"415","MG-3116803-96D05E50539247889AECEDF2CF8705E4","AT","MG","3116803","96D05E50539247889AECEDF2CF8705E4","MG311680396D05E50539247889AECEDF2CF8705E4"
"416","MG-3116803-66BAF260018C41F4A90F639847A4B6AC","AT","MG","3116803","66BAF260018C41F4A90F639847A4B6AC","MG311680366BAF260018C41F4A90F639847A4B6AC"
"417","MG-3116803-28A3377ECF834ECDBC2170DC298B964C","AT","MG","3116803","28A3377ECF834ECDBC2170DC298B964C","MG311680328A3377ECF834ECDBC2170DC298B964C"
"418","MG-3116803-B8726392904146DBB72906B672F19804","AT","MG","3116803","B8726392904146DBB72906B672F19804","MG3116803B8726392904146DBB72906B672F19804"
"419","MG-3116803-1F42AEE6C3C147C28BBCA533477549A0","AT","MG","3116803","1F42AEE6C3C147C28BBCA533477549A0","MG31168031F42AEE6C3C147C28BBCA533477549A0"
"420","MG-3116803-963B07296D2340B6BE237D72D98A08F6","AT","MG","3116803","963B07296D2340B6BE237D72D98A08F6","MG3116803963B07296D2340B6BE237D72D98A08F6"
"421","MG-3116803-27DD8F79DC194637945E1D748CCF84F4","AT","MG","3116803","27DD8F79DC194637945E1D748CCF84F4","MG311680327DD8F79DC194637945E1D748CCF84F4"
"422","MG-3116803-54663DB3F3534389A0AB708B74BFE32C","AT","MG","3116803","54663DB3F3534389A0AB708B74BFE32C","MG311680354663DB3F3534389A0AB708B74BFE32C"
"423","MG-3116803-1E64D87907EA4843B868694400BC507F","AT","MG","3116803","1E64D87907EA4843B868694400BC507F","MG31168031E64D87907EA4843B868694400BC507F"
"424","MG-3116803-92CC065751284EF98034A8FC934C5D2B","AT","MG","3116803","92CC065751284EF98034A8FC934C5D2B","MG311680392CC065751284EF98034A8FC934C5D2B"
"425","MG-3116803-B6EAB001906A495D9EA97C159DF4182F","AT","MG","3116803","B6EAB001906A495D9EA97C159DF4182F","MG3116803B6EAB001906A495D9EA97C159DF4182F"
"426","MG-3116803-EBB6A923E4054FC8B7C953099C93EE59","AT","MG","3116803","EBB6A923E4054FC8B7C953099C93EE59","MG3116803EBB6A923E4054FC8B7C953099C93EE59"
"427","MG-3116803-5599C37C7AC241AAA7EA34F279C0A65A","AT","MG","3116803","5599C37C7AC241AAA7EA34F279C0A65A","MG31168035599C37C7AC241AAA7EA34F279C0A65A"
"428","MG-3116803-1F069F61D3814869A015C8FAAEF9FB80","AT","MG","3116803","1F069F61D3814869A015C8FAAEF9FB80","MG31168031F069F61D3814869A015C8FAAEF9FB80"
"429","MG-3116803-88559346F181432EB74F3D8A68D0A941","AT","MG","3116803","88559346F181432EB74F3D8A68D0A941","MG311680388559346F181432EB74F3D8A68D0A941"
"430","MG-3116803-3E1892B71A594F5C99BF40149D3D47DF","AT","MG","3116803","3E1892B71A594F5C99BF40149D3D47DF","MG31168033E1892B71A594F5C99BF40149D3D47DF"
"431","MG-3116803-344C707636E645DEB12A179A07EF2668","AT","MG","3116803","344C707636E645DEB12A179A07EF2668","MG3116803344C707636E645DEB12A179A07EF2668"
"432","MG-3116803-54EE6EEF538148FF847D01732C193EBD","AT","MG","3116803","54EE6EEF538148FF847D01732C193EBD","MG311680354EE6EEF538148FF847D01732C193EBD"
"433","MG-3116803-57567ABFAAEA442696D4D8EE6AE50FBF","AT","MG","3116803","57567ABFAAEA442696D4D8EE6AE50FBF","MG311680357567ABFAAEA442696D4D8EE6AE50FBF"
"434","MG-3116803-E3CCA0E02DBB4502BAC5AC100C1DB87E","AT","MG","3116803","E3CCA0E02DBB4502BAC5AC100C1DB87E","MG3116803E3CCA0E02DBB4502BAC5AC100C1DB87E"
"435","MG-3116803-7297BA5AAB7E4F28B3D6B4A39CA1CCF2","AT","MG","3116803","7297BA5AAB7E4F28B3D6B4A39CA1CCF2","MG31168037297BA5AAB7E4F28B3D6B4A39CA1CCF2"
"436","MG-3116803-7C4D6A77357A4D4AA8AFB7E05EF00B3B","AT","MG","3116803","7C4D6A77357A4D4AA8AFB7E05EF00B3B","MG31168037C4D6A77357A4D4AA8AFB7E05EF00B3B"
"437","MG-3116803-356ABE98636D4DCE9E6BA80C867A03E2","AT","MG","3116803","356ABE98636D4DCE9E6BA80C867A03E2","MG3116803356ABE98636D4DCE9E6BA80C867A03E2"
"438","MG-3116803-706FE5FD25E34889A6983C185E9A6AAB","AT","MG","3116803","706FE5FD25E34889A6983C185E9A6AAB","MG3116803706FE5FD25E34889A6983C185E9A6AAB"
"439","MG-3116803-5C373C2EAFA641329529EAA4F7708D9B","AT","MG","3116803","5C373C2EAFA641329529EAA4F7708D9B","MG31168035C373C2EAFA641329529EAA4F7708D9B"
"440","MG-3116803-ED3FC233BDE74A07BC1CB54E05E59CDB","AT","MG","3116803","ED3FC233BDE74A07BC1CB54E05E59CDB","MG3116803ED3FC233BDE74A07BC1CB54E05E59CDB"
"441","MG-3116803-F3EECFC2FA3044C1B717C57F0CA09812","AT","MG","3116803","F3EECFC2FA3044C1B717C57F0CA09812","MG3116803F3EECFC2FA3044C1B717C57F0CA09812"
"442","MG-3116803-3F6935846A97443D9CC582473D379860","AT","MG","3116803","3F6935846A97443D9CC582473D379860","MG31168033F6935846A97443D9CC582473D379860"
"443","MG-3116803-2A3C76E620A849EAAF5A45BBA5BFE6E6","AT","MG","3116803","2A3C76E620A849EAAF5A45BBA5BFE6E6","MG31168032A3C76E620A849EAAF5A45BBA5BFE6E6"
"444","MG-3116803-666C8049A13545FA886C87D168AF01A6","AT","MG","3116803","666C8049A13545FA886C87D168AF01A6","MG3116803666C8049A13545FA886C87D168AF01A6"
"445","MG-3116803-012DCE325B324348AAB454D19B271928","AT","MG","3116803","012DCE325B324348AAB454D19B271928","MG3116803012DCE325B324348AAB454D19B271928"
"446","MG-3116803-5DCD9FE30F924770B16C0E71DEB1C0FC","AT","MG","3116803","5DCD9FE30F924770B16C0E71DEB1C0FC","MG31168035DCD9FE30F924770B16C0E71DEB1C0FC"
"447","MG-3116803-28C48F09EBD14A58A45B355FB0378D3E","AT","MG","3116803","28C48F09EBD14A58A45B355FB0378D3E","MG311680328C48F09EBD14A58A45B355FB0378D3E"
"448","MG-3116803-2D391CB4ADDA46F680113682E056A6CB","AT","MG","3116803","2D391CB4ADDA46F680113682E056A6CB","MG31168032D391CB4ADDA46F680113682E056A6CB"
"449","MG-3116803-20B840BC84A44BEA862820CB8DEC735C","AT","MG","3116803","20B840BC84A44BEA862820CB8DEC735C","MG311680320B840BC84A44BEA862820CB8DEC735C"
"450","MG-3116803-53B799D2E18742F6BC319546FE509A51","AT","MG","3116803","53B799D2E18742F6BC319546FE509A51","MG311680353B799D2E18742F6BC319546FE509A51"
"451","MG-3116803-AE1DA60DC27442BEAC772800AE40FB9D","AT","MG","3116803","AE1DA60DC27442BEAC772800AE40FB9D","MG3116803AE1DA60DC27442BEAC772800AE40FB9D"
"452","MG-3116803-093E2EB6EA28468B82E5A0A0E4091BAF","AT","MG","3116803","093E2EB6EA28468B82E5A0A0E4091BAF","MG3116803093E2EB6EA28468B82E5A0A0E4091BAF"
"453","MG-3116803-774165E6CFDE4968A81934A50EBE5D1A","AT","MG","3116803","774165E6CFDE4968A81934A50EBE5D1A","MG3116803774165E6CFDE4968A81934A50EBE5D1A"
"454","MG-3116803-AC20C8F0DB0545B8B935B08456BAB3BB","AT","MG","3116803","AC20C8F0DB0545B8B935B08456BAB3BB","MG3116803AC20C8F0DB0545B8B935B08456BAB3BB"
"455","MG-3116803-AE4894AD8ED44A349611AC9968F616DA","AT","MG","3116803","AE4894AD8ED44A349611AC9968F616DA","MG3116803AE4894AD8ED44A349611AC9968F616DA"
"456","MG-3116803-C46B41C19FF943869EE4F4EF3D992C37","AT","MG","3116803","C46B41C19FF943869EE4F4EF3D992C37","MG3116803C46B41C19FF943869EE4F4EF3D992C37"
"457","MG-3116803-6AD6E19B01F743EDAF0F9AA5011FC0EE","AT","MG","3116803","6AD6E19B01F743EDAF0F9AA5011FC0EE","MG31168036AD6E19B01F743EDAF0F9AA5011FC0EE"
"458","MG-3116803-563D51942B8C41B1AB28FA15EE325FF8","AT","MG","3116803","563D51942B8C41B1AB28FA15EE325FF8","MG3116803563D51942B8C41B1AB28FA15EE325FF8"
"459","MG-3116803-7EE9D906ABB34E978650890CEA1EFEBD","AT","MG","3116803","7EE9D906ABB34E978650890CEA1EFEBD","MG31168037EE9D906ABB34E978650890CEA1EFEBD"
"460","MG-3116803-B49C45992EF64307923D345730A8F9E7","AT","MG","3116803","B49C45992EF64307923D345730A8F9E7","MG3116803B49C45992EF64307923D345730A8F9E7"
"461","MG-3116803-83ABDF876829492E92DE765588C19BFF","AT","MG","3116803","83ABDF876829492E92DE765588C19BFF","MG311680383ABDF876829492E92DE765588C19BFF"
"462","MG-3116803-9FA696C8B32346938013895002128AEE","AT","MG","3116803","9FA696C8B32346938013895002128AEE","MG31168039FA696C8B32346938013895002128AEE"
"463","MG-3116803-8063B7DCD70D4C63A43CA2D411F1CDDA","AT","MG","3116803","8063B7DCD70D4C63A43CA2D411F1CDDA","MG31168038063B7DCD70D4C63A43CA2D411F1CDDA"
"464","MG-3116803-61D8FF16897D48E6AC21CF28F6680FF6","AT","MG","3116803","61D8FF16897D48E6AC21CF28F6680FF6","MG311680361D8FF16897D48E6AC21CF28F6680FF6"
"465","MG-3116803-F8A39D1757484C1AB6D9303EE50C2865","AT","MG","3116803","F8A39D1757484C1AB6D9303EE50C2865","MG3116803F8A39D1757484C1AB6D9303EE50C2865"
"466","MG-3116803-13101CD19229499D958C2B6D396CA67A","AT","MG","3116803","13101CD19229499D958C2B6D396CA67A","MG311680313101CD19229499D958C2B6D396CA67A"
"467","MG-3116803-E529990DD3614E28B046E6F0DBD93738","AT","MG","3116803","E529990DD3614E28B046E6F0DBD93738","MG3116803E529990DD3614E28B046E6F0DBD93738"
"468","MG-3116803-DF78EB926A5D48B98DD40AB20C61A4E8","AT","MG","3116803","DF78EB926A5D48B98DD40AB20C61A4E8","MG3116803DF78EB926A5D48B98DD40AB20C61A4E8"
"469","MG-3116803-171E263FBCA34E67B04F817D05AC3CEA","AT","MG","3116803","171E263FBCA34E67B04F817D05AC3CEA","MG3116803171E263FBCA34E67B04F817D05AC3CEA"
"470","MG-3116803-018E41DCFB644E84A91FC3A2E28F8CD2","AT","MG","3116803","018E41DCFB644E84A91FC3A2E28F8CD2","MG3116803018E41DCFB644E84A91FC3A2E28F8CD2"
"471","MG-3116803-77FDE746338C4E6B89AA27078496F2C1","AT","MG","3116803","77FDE746338C4E6B89AA27078496F2C1","MG311680377FDE746338C4E6B89AA27078496F2C1"
"472","MG-3116803-585964A31DA2498CA95CD153B43C0A86","AT","MG","3116803","585964A31DA2498CA95CD153B43C0A86","MG3116803585964A31DA2498CA95CD153B43C0A86"
"473","MG-3116803-A29575B0594C4FE4AE777DE69985508B","AT","MG","3116803","A29575B0594C4FE4AE777DE69985508B","MG3116803A29575B0594C4FE4AE777DE69985508B"
"474","MG-3116803-23A020EBBCFA4229AA560B70B4A64FB1","AT","MG","3116803","23A020EBBCFA4229AA560B70B4A64FB1","MG311680323A020EBBCFA4229AA560B70B4A64FB1"
"475","MG-3116803-BDDFB688236C4057BDD9ABA3D45ECF96","AT","MG","3116803","BDDFB688236C4057BDD9ABA3D45ECF96","MG3116803BDDFB688236C4057BDD9ABA3D45ECF96"
"476","MG-3116803-2CC219D8DACB46CE8B33B8A2A31F904E","AT","MG","3116803","2CC219D8DACB46CE8B33B8A2A31F904E","MG31168032CC219D8DACB46CE8B33B8A2A31F904E"
"477","MG-3116803-0A033BC886DF46C8B41C075E90D74068","AT","MG","3116803","0A033BC886DF46C8B41C075E90D74068","MG31168030A033BC886DF46C8B41C075E90D74068"
"478","MG-3116803-284CA9AB8A6B4985B57A319923A5D316","AT","MG","3116803","284CA9AB8A6B4985B57A319923A5D316","MG3116803284CA9AB8A6B4985B57A319923A5D316"
"479","MG-3116803-86F53AF9DB124B2DB55BE2EDC9AADF18","AT","MG","3116803","86F53AF9DB124B2DB55BE2EDC9AADF18","MG311680386F53AF9DB124B2DB55BE2EDC9AADF18"
"480","MG-3116803-3A013887E1174461AA945085C98D9350","AT","MG","3116803","3A013887E1174461AA945085C98D9350","MG31168033A013887E1174461AA945085C98D9350"
"481","MG-3116803-4ABB55DF7ABD460C81CBA02D3D3D7AD1","AT","MG","3116803","4ABB55DF7ABD460C81CBA02D3D3D7AD1","MG31168034ABB55DF7ABD460C81CBA02D3D3D7AD1"
"482","MG-3116803-05118F85811C4EAD880A9D3F820EDDD9","AT","MG","3116803","05118F85811C4EAD880A9D3F820EDDD9","MG311680305118F85811C4EAD880A9D3F820EDDD9"
"483","MG-3116803-2E65905FC45D4074A7141B87EFD8D421","AT","MG","3116803","2E65905FC45D4074A7141B87EFD8D421","MG31168032E65905FC45D4074A7141B87EFD8D421"
"484","MG-3116803-E005EFB6F7FC428BBF3B5C2168689AA0","AT","MG","3116803","E005EFB6F7FC428BBF3B5C2168689AA0","MG3116803E005EFB6F7FC428BBF3B5C2168689AA0"
"485","MG-3116803-20B6173EE57749EC8822C409BE789EB2","AT","MG","3116803","20B6173EE57749EC8822C409BE789EB2","MG311680320B6173EE57749EC8822C409BE789EB2"
"486","MG-3116803-0D6A7A8175404612B6E2D21446E7BC1D","AT","MG","3116803","0D6A7A8175404612B6E2D21446E7BC1D","MG31168030D6A7A8175404612B6E2D21446E7BC1D"
"487","MG-3116803-66A234430A7D43E7B5D9C1BD970D388C","AT","MG","3116803","66A234430A7D43E7B5D9C1BD970D388C","MG311680366A234430A7D43E7B5D9C1BD970D388C"
"488","MG-3116803-A5AA6237320E48AAB8085C68574D1221","AT","MG","3116803","A5AA6237320E48AAB8085C68574D1221","MG3116803A5AA6237320E48AAB8085C68574D1221"
"489","MG-3116803-3AF47020DC0E42A0BC9BEC5BE85876DE","AT","MG","3116803","3AF47020DC0E42A0BC9BEC5BE85876DE","MG31168033AF47020DC0E42A0BC9BEC5BE85876DE"
"490","MG-3116803-DF6945E4EB2B4667AC475C4539750C99","AT","MG","3116803","DF6945E4EB2B4667AC475C4539750C99","MG3116803DF6945E4EB2B4667AC475C4539750C99"
"491","MG-3116803-FA6AA11E42F540A8B7EB93C108F7AB9D","AT","MG","3116803","FA6AA11E42F540A8B7EB93C108F7AB9D","MG3116803FA6AA11E42F540A8B7EB93C108F7AB9D"
"492","MG-3116803-E8487111465B4D78AEF646B1DAC6E1C8","AT","MG","3116803","E8487111465B4D78AEF646B1DAC6E1C8","MG3116803E8487111465B4D78AEF646B1DAC6E1C8"
"493","MG-3116803-20847F5F201C4780AB7A480E20DB9E1C","AT","MG","3116803","20847F5F201C4780AB7A480E20DB9E1C","MG311680320847F5F201C4780AB7A480E20DB9E1C"
"494","MG-3116803-E63DE976E6444C93BC75F1F0B31A0B95","AT","MG","3116803","E63DE976E6444C93BC75F1F0B31A0B95","MG3116803E63DE976E6444C93BC75F1F0B31A0B95"
"495","MG-3116803-CFE824B37EAC4B678C43139ACDCB7CAA","AT","MG","3116803","CFE824B37EAC4B678C43139ACDCB7CAA","MG3116803CFE824B37EAC4B678C43139ACDCB7CAA"
"496","MG-3116803-B5FC071C7A2E4993AE6E23A801B5A7E9","AT","MG","3116803","B5FC071C7A2E4993AE6E23A801B5A7E9","MG3116803B5FC071C7A2E4993AE6E23A801B5A7E9"
"497","MG-3116803-E796495756364BAE88DE1ED8A0C042E1","AT","MG","3116803","E796495756364BAE88DE1ED8A0C042E1","MG3116803E796495756364BAE88DE1ED8A0C042E1"
"498","MG-3116803-3E7FD726F1194D35A44071D15914A6A3","AT","MG","3116803","3E7FD726F1194D35A44071D15914A6A3","MG31168033E7FD726F1194D35A44071D15914A6A3"
"499","MG-3116803-54BFDE2F00FB48D9B302AD323C0062B7","AT","MG","3116803","54BFDE2F00FB48D9B302AD323C0062B7","MG311680354BFDE2F00FB48D9B302AD323C0062B7"
"500","MG-3116803-516869051B1A46C9AFBE4E76D96D8C49","AT","MG","3116803","516869051B1A46C9AFBE4E76D96D8C49","MG3116803516869051B1A46C9AFBE4E76D96D8C49"
"501","MG-3116803-60209C9BDCC04B648DD779535934D6CA","AT","MG","3116803","60209C9BDCC04B648DD779535934D6CA","MG311680360209C9BDCC04B648DD779535934D6CA"
"502","MG-3116803-37FF7D9FB6994C9CA8D24DB4F148F346","AT","MG","3116803","37FF7D9FB6994C9CA8D24DB4F148F346","MG311680337FF7D9FB6994C9CA8D24DB4F148F346"
"503","MG-3116803-68AF007D20474C2A966CCE059EAB1708","AT","MG","3116803","68AF007D20474C2A966CCE059EAB1708","MG311680368AF007D20474C2A966CCE059EAB1708"
"504","MG-3116803-8348F06192114B64A19D3B9B2E338573","AT","MG","3116803","8348F06192114B64A19D3B9B2E338573","MG31168038348F06192114B64A19D3B9B2E338573"
"505","MG-3116803-BE306309CB6F4593ACBDDC8471202EA2","AT","MG","3116803","BE306309CB6F4593ACBDDC8471202EA2","MG3116803BE306309CB6F4593ACBDDC8471202EA2"
"506","MG-3116803-C4DC5B65353D4B138C8AB026A58EEBFC","AT","MG","3116803","C4DC5B65353D4B138C8AB026A58EEBFC","MG3116803C4DC5B65353D4B138C8AB026A58EEBFC"
"507","MG-3116803-D84949EB2EE74889AF08F804D9BAEF64","AT","MG","3116803","D84949EB2EE74889AF08F804D9BAEF64","MG3116803D84949EB2EE74889AF08F804D9BAEF64"
"508","MG-3116803-4898169EC32F47D0A7586F78C0B5CBBE","AT","MG","3116803","4898169EC32F47D0A7586F78C0B5CBBE","MG31168034898169EC32F47D0A7586F78C0B5CBBE"
"509","MG-3116803-D70B2042B6B24146B45F7953A626B1B7","AT","MG","3116803","D70B2042B6B24146B45F7953A626B1B7","MG3116803D70B2042B6B24146B45F7953A626B1B7"
"510","MG-3116803-FAA372D0ECE341E28FFCD398B2C04CFB","AT","MG","3116803","FAA372D0ECE341E28FFCD398B2C04CFB","MG3116803FAA372D0ECE341E28FFCD398B2C04CFB"
"511","MG-3116803-69B0E61EF7794442A34B58D65F628644","AT","MG","3116803","69B0E61EF7794442A34B58D65F628644","MG311680369B0E61EF7794442A34B58D65F628644"
"512","MG-3116803-16A10C0634A44686B71099225374C3A5","AT","MG","3116803","16A10C0634A44686B71099225374C3A5","MG311680316A10C0634A44686B71099225374C3A5"
"513","MG-3116803-D856D0317BEC4239B0DFB35BAD14B209","AT","MG","3116803","D856D0317BEC4239B0DFB35BAD14B209","MG3116803D856D0317BEC4239B0DFB35BAD14B209"
"514","MG-3116803-5A55E2F3E5D349D282C881BBE86B6A1D","AT","MG","3116803","5A55E2F3E5D349D282C881BBE86B6A1D","MG31168035A55E2F3E5D349D282C881BBE86B6A1D"
"515","MG-3116803-E49E7A77852647818D6E1A257B1FEC81","AT","MG","3116803","E49E7A77852647818D6E1A257B1FEC81","MG3116803E49E7A77852647818D6E1A257B1FEC81"
"516","MG-3116803-B329B3E96AE14E76A5604466540B9506","AT","MG","3116803","B329B3E96AE14E76A5604466540B9506","MG3116803B329B3E96AE14E76A5604466540B9506"
"517","MG-3116803-54FF089E73224B1E9B42D3E949559ED3","AT","MG","3116803","54FF089E73224B1E9B42D3E949559ED3","MG311680354FF089E73224B1E9B42D3E949559ED3"
"518","MG-3116803-2EF4C0B6492C4F029512DC50876E46D6","AT","MG","3116803","2EF4C0B6492C4F029512DC50876E46D6","MG31168032EF4C0B6492C4F029512DC50876E46D6"
"519","MG-3116803-5746B4D06EFA4FB6A2D45D5D444107B5","AT","MG","3116803","5746B4D06EFA4FB6A2D45D5D444107B5","MG31168035746B4D06EFA4FB6A2D45D5D444107B5"
"520","MG-3116803-024C6E0E701242AC9DC63B40F97301AA","AT","MG","3116803","024C6E0E701242AC9DC63B40F97301AA","MG3116803024C6E0E701242AC9DC63B40F97301AA"
"521","MG-3116803-E40A17E150004512A7C822FB555E216E","AT","MG","3116803","E40A17E150004512A7C822FB555E216E","MG3116803E40A17E150004512A7C822FB555E216E"
"522","MG-3116803-464EE2EE44A142ED948D56D704FA0228","AT","MG","3116803","464EE2EE44A142ED948D56D704FA0228","MG3116803464EE2EE44A142ED948D56D704FA0228"
"523","MG-3116803-34BE186B2B5F4FB9AF7DAC85A15C74B2","AT","MG","3116803","34BE186B2B5F4FB9AF7DAC85A15C74B2","MG311680334BE186B2B5F4FB9AF7DAC85A15C74B2"
"524","MG-3116803-F79694F6D89B4ACCB13E7EA7E5C65169","AT","MG","3116803","F79694F6D89B4ACCB13E7EA7E5C65169","MG3116803F79694F6D89B4ACCB13E7EA7E5C65169"
"525","MG-3116803-8F87A37CF33D4C8FA585A31DE2E717CC","AT","MG","3116803","8F87A37CF33D4C8FA585A31DE2E717CC","MG31168038F87A37CF33D4C8FA585A31DE2E717CC"
"526","MG-3116803-C96AA54C475A42D79EA820AD538123BF","AT","MG","3116803","C96AA54C475A42D79EA820AD538123BF","MG3116803C96AA54C475A42D79EA820AD538123BF"
"527","MG-3116803-F77D608F91BF49A6858DC340EACFC5CB","AT","MG","3116803","F77D608F91BF49A6858DC340EACFC5CB","MG3116803F77D608F91BF49A6858DC340EACFC5CB"
"528","MG-3116803-B0BFAFE5E574495F959B7320F86AE19B","AT","MG","3116803","B0BFAFE5E574495F959B7320F86AE19B","MG3116803B0BFAFE5E574495F959B7320F86AE19B"
"529","MG-3116803-42271CD8F08640E1863EC48A15286761","AT","MG","3116803","42271CD8F08640E1863EC48A15286761","MG311680342271CD8F08640E1863EC48A15286761"
"530","MG-3116803-6672D65F9D3C49849EEB9CBBEBCAC808","AT","MG","3116803","6672D65F9D3C49849EEB9CBBEBCAC808","MG31168036672D65F9D3C49849EEB9CBBEBCAC808"
"531","MG-3116803-327B40DFBBA44E1580AF2AFEA858523A","AT","MG","3116803","327B40DFBBA44E1580AF2AFEA858523A","MG3116803327B40DFBBA44E1580AF2AFEA858523A"
"532","MG-3116803-AFF43024B41D4E35A72A82186C111621","AT","MG","3116803","AFF43024B41D4E35A72A82186C111621","MG3116803AFF43024B41D4E35A72A82186C111621"
"533","MG-3116803-56A5D3A2AEA34488BB679E6003134924","AT","MG","3116803","56A5D3A2AEA34488BB679E6003134924","MG311680356A5D3A2AEA34488BB679E6003134924"
"534","MG-3116803-63A7124281B941359CEEAB65D5A63D11","AT","MG","3116803","63A7124281B941359CEEAB65D5A63D11","MG311680363A7124281B941359CEEAB65D5A63D11"
"535","MG-3116803-B4923C880D0A488195A302C622CF7D8B","AT","MG","3116803","B4923C880D0A488195A302C622CF7D8B","MG3116803B4923C880D0A488195A302C622CF7D8B"
"536","MG-3116803-0FA4E81F06064F59B6AE64B7350F8E0C","AT","MG","3116803","0FA4E81F06064F59B6AE64B7350F8E0C","MG31168030FA4E81F06064F59B6AE64B7350F8E0C"
"537","MG-3116803-206FB28DDA9F4FE9A65EFBE7176917B6","AT","MG","3116803","206FB28DDA9F4FE9A65EFBE7176917B6","MG3116803206FB28DDA9F4FE9A65EFBE7176917B6"
"538","MG-3116803-D1DA0F8389B746D7A5EA88B02B5FD76B","AT","MG","3116803","D1DA0F8389B746D7A5EA88B02B5FD76B","MG3116803D1DA0F8389B746D7A5EA88B02B5FD76B"
"539","MG-3116803-FF460CBF8BBD4449BDA64B056E3E1E4F","AT","MG","3116803","FF460CBF8BBD4449BDA64B056E3E1E4F","MG3116803FF460CBF8BBD4449BDA64B056E3E1E4F"
"540","MG-3116803-D26BA540EAB74D33B6E802B2CF937E23","AT","MG","3116803","D26BA540EAB74D33B6E802B2CF937E23","MG3116803D26BA540EAB74D33B6E802B2CF937E23"
"541","MG-3116803-6D1613D034A043BCB2AFB96C1F62422A","AT","MG","3116803","6D1613D034A043BCB2AFB96C1F62422A","MG31168036D1613D034A043BCB2AFB96C1F62422A"
"542","MG-3116803-D2886104F3C34DFCA824F7FEBAF8DA99","AT","MG","3116803","D2886104F3C34DFCA824F7FEBAF8DA99","MG3116803D2886104F3C34DFCA824F7FEBAF8DA99"
"543","MG-3116803-646BA05629FA4939BB9E6138BC514781","AT","MG","3116803","646BA05629FA4939BB9E6138BC514781","MG3116803646BA05629FA4939BB9E6138BC514781"
"544","MG-3116803-1F50C1B9A86748D78C2C057D83AD79E7","AT","MG","3116803","1F50C1B9A86748D78C2C057D83AD79E7","MG31168031F50C1B9A86748D78C2C057D83AD79E7"
"545","MG-3116803-6FBE326F02674207B67F8CF97E58BA6D","AT","MG","3116803","6FBE326F02674207B67F8CF97E58BA6D","MG31168036FBE326F02674207B67F8CF97E58BA6D"
"546","MG-3116803-742D4E4C1ED4467293C1776B0B90F978","AT","MG","3116803","742D4E4C1ED4467293C1776B0B90F978","MG3116803742D4E4C1ED4467293C1776B0B90F978"
"547","MG-3116803-9F76B947C6BF452B9A13A6C71FCBA4EF","AT","MG","3116803","9F76B947C6BF452B9A13A6C71FCBA4EF","MG31168039F76B947C6BF452B9A13A6C71FCBA4EF"
"548","MG-3116803-DA82752AF336491F9BC5095D32027890","AT","MG","3116803","DA82752AF336491F9BC5095D32027890","MG3116803DA82752AF336491F9BC5095D32027890"
"549","MG-3116803-FE68E2286D334B4A99A57E53E42CFD30","AT","MG","3116803","FE68E2286D334B4A99A57E53E42CFD30","MG3116803FE68E2286D334B4A99A57E53E42CFD30"
"550","MG-3116803-1CA97850302F43919B5DCC1FB0C6CDE7","AT","MG","3116803","1CA97850302F43919B5DCC1FB0C6CDE7","MG31168031CA97850302F43919B5DCC1FB0C6CDE7"
"551","MG-3116803-36B45D38F60745A78F8E4F08D35882E0","AT","MG","3116803","36B45D38F60745A78F8E4F08D35882E0","MG311680336B45D38F60745A78F8E4F08D35882E0"
"552","MG-3116803-10D31D514F7242738DC6F5DAFA86247C","AT","MG","3116803","10D31D514F7242738DC6F5DAFA86247C","MG311680310D31D514F7242738DC6F5DAFA86247C"
"553","MG-3116803-B295E585B2214024B4011870C59E09EA","AT","MG","3116803","B295E585B2214024B4011870C59E09EA","MG3116803B295E585B2214024B4011870C59E09EA"
"554","MG-3116803-3C03A844F97F470696365DC7AD8B9D77","AT","MG","3116803","3C03A844F97F470696365DC7AD8B9D77","MG31168033C03A844F97F470696365DC7AD8B9D77"
"555","MG-3116803-EAB32040B6DF42CBA0C205178BE8475A","AT","MG","3116803","EAB32040B6DF42CBA0C205178BE8475A","MG3116803EAB32040B6DF42CBA0C205178BE8475A"
"556","MG-3116803-826FDC88CDD14B3C93A101EF5B719BEB","AT","MG","3116803","826FDC88CDD14B3C93A101EF5B719BEB","MG3116803826FDC88CDD14B3C93A101EF5B719BEB"
"557","MG-3116803-61BF51E361F249A8AB6B3C1256471778","AT","MG","3116803","61BF51E361F249A8AB6B3C1256471778","MG311680361BF51E361F249A8AB6B3C1256471778"
"558","MG-3116803-6E488D2710C4458E9D3EF31F78EE8B70","AT","MG","3116803","6E488D2710C4458E9D3EF31F78EE8B70","MG31168036E488D2710C4458E9D3EF31F78EE8B70"
"559","MG-3116803-A1AD5A4C323548FEAB4CA82F92CA9367","AT","MG","3116803","A1AD5A4C323548FEAB4CA82F92CA9367","MG3116803A1AD5A4C323548FEAB4CA82F92CA9367"
"560","MG-3116803-6B927AB84D954D82A2299BF348A3EF0B","AT","MG","3116803","6B927AB84D954D82A2299BF348A3EF0B","MG31168036B927AB84D954D82A2299BF348A3EF0B"
"561","MG-3116803-80C02F57D9F045C5BA7649587EA01F25","AT","MG","3116803","80C02F57D9F045C5BA7649587EA01F25","MG311680380C02F57D9F045C5BA7649587EA01F25"
"562","MG-3116803-46BB7A6EE3894B47A066CF4A59247BED","AT","MG","3116803","46BB7A6EE3894B47A066CF4A59247BED","MG311680346BB7A6EE3894B47A066CF4A59247BED"
"563","MG-3116803-D3F2359EB32245D9858A63492F21B71C","AT","MG","3116803","D3F2359EB32245D9858A63492F21B71C","MG3116803D3F2359EB32245D9858A63492F21B71C"
"564","MG-3116803-A56F9B287EF44B66B180EAB9F7D6E904","AT","MG","3116803","A56F9B287EF44B66B180EAB9F7D6E904","MG3116803A56F9B287EF44B66B180EAB9F7D6E904"
"565","MG-3116803-0C73ECD7226345E2BC086BE8159CE726","AT","MG","3116803","0C73ECD7226345E2BC086BE8159CE726","MG31168030C73ECD7226345E2BC086BE8159CE726"
"566","MG-3116803-A3128F77B3D7475E96EA0A47ECACE02F","AT","MG","3116803","A3128F77B3D7475E96EA0A47ECACE02F","MG3116803A3128F77B3D7475E96EA0A47ECACE02F"
"567","MG-3116803-330E8159480444F8AE1E3C19EF1EE5EF","AT","MG","3116803","330E8159480444F8AE1E3C19EF1EE5EF","MG3116803330E8159480444F8AE1E3C19EF1EE5EF"
"568","MG-3116803-813D73A1BEB54D9CB952738EC32EE4DC","AT","MG","3116803","813D73A1BEB54D9CB952738EC32EE4DC","MG3116803813D73A1BEB54D9CB952738EC32EE4DC"
"569","MG-3116803-7B08DF3D1D934CC39CB276263B099B3C","AT","MG","3116803","7B08DF3D1D934CC39CB276263B099B3C","MG31168037B08DF3D1D934CC39CB276263B099B3C"
"570","MG-3116803-62B3AF0E20324A3BBB9E8FF48A1FD84F","AT","MG","3116803","62B3AF0E20324A3BBB9E8FF48A1FD84F","MG311680362B3AF0E20324A3BBB9E8FF48A1FD84F"
"571","MG-3116803-4D31B813C4484E77BBF6DF2FFF1C22D9","AT","MG","3116803","4D31B813C4484E77BBF6DF2FFF1C22D9","MG31168034D31B813C4484E77BBF6DF2FFF1C22D9"
"572","MG-3116803-4899072695F74F24B6A6C17EEAC825AD","AT","MG","3116803","4899072695F74F24B6A6C17EEAC825AD","MG31168034899072695F74F24B6A6C17EEAC825AD"
"573","MG-3116803-F4931B58182B4312B0E3D69C8FAB5B81","AT","MG","3116803","F4931B58182B4312B0E3D69C8FAB5B81","MG3116803F4931B58182B4312B0E3D69C8FAB5B81"
"574","MG-3116803-169E1DD6F3974DC3BF7B485B6BC644B2","AT","MG","3116803","169E1DD6F3974DC3BF7B485B6BC644B2","MG3116803169E1DD6F3974DC3BF7B485B6BC644B2"
"575","MG-3116803-0B1F326A2D6349FB9D48A147A4C999AE","AT","MG","3116803","0B1F326A2D6349FB9D48A147A4C999AE","MG31168030B1F326A2D6349FB9D48A147A4C999AE"
"576","MG-3116803-D07036BB1AF94433AC424405F0DAC646","AT","MG","3116803","D07036BB1AF94433AC424405F0DAC646","MG3116803D07036BB1AF94433AC424405F0DAC646"
"577","MG-3116803-954F4DBDDB22477B984272C74A51F83E","AT","MG","3116803","954F4DBDDB22477B984272C74A51F83E","MG3116803954F4DBDDB22477B984272C74A51F83E"
"578","MG-3116803-A8509EEADBAE4A9B87699F0524010A38","AT","MG","3116803","A8509EEADBAE4A9B87699F0524010A38","MG3116803A8509EEADBAE4A9B87699F0524010A38"
"579","MG-3116803-46B6E61E34A0489CAEC4FC8987107D55","AT","MG","3116803","46B6E61E34A0489CAEC4FC8987107D55","MG311680346B6E61E34A0489CAEC4FC8987107D55"
"580","MG-3116803-185875D9353C40DE942F30963CD725AF","AT","MG","3116803","185875D9353C40DE942F30963CD725AF","MG3116803185875D9353C40DE942F30963CD725AF"
"581","MG-3116803-96813F52900B4437AEB9F2365BB66DAD","AT","MG","3116803","96813F52900B4437AEB9F2365BB66DAD","MG311680396813F52900B4437AEB9F2365BB66DAD"
"582","MG-3116803-66AB5B345B01464EAA5D069EE92E0F34","AT","MG","3116803","66AB5B345B01464EAA5D069EE92E0F34","MG311680366AB5B345B01464EAA5D069EE92E0F34"
"583","MG-3116803-DDDD19CC04794440BA2625150D54C464","AT","MG","3116803","DDDD19CC04794440BA2625150D54C464","MG3116803DDDD19CC04794440BA2625150D54C464"
"584","MG-3116803-CFAAC10BABEF4E4AA3B700C3AAD1358D","AT","MG","3116803","CFAAC10BABEF4E4AA3B700C3AAD1358D","MG3116803CFAAC10BABEF4E4AA3B700C3AAD1358D"
"585","MG-3116803-CFAAC10BABEF4E4AA3B700C3AAD1358D","AT","MG","3116803","CFAAC10BABEF4E4AA3B700C3AAD1358D","MG3116803CFAAC10BABEF4E4AA3B700C3AAD1358D"
"586","MG-3116803-D1C81E3673194F19A609BD861F51BE91","AT","MG","3116803","D1C81E3673194F19A609BD861F51BE91","MG3116803D1C81E3673194F19A609BD861F51BE91"
"587","MG-3116803-9CF2DEDAA5D54A999258D4DB04896C0A","AT","MG","3116803","9CF2DEDAA5D54A999258D4DB04896C0A","MG31168039CF2DEDAA5D54A999258D4DB04896C0A"
"588","MG-3116803-BB9C4C5AECC742918532DACA3D9C77C2","AT","MG","3116803","BB9C4C5AECC742918532DACA3D9C77C2","MG3116803BB9C4C5AECC742918532DACA3D9C77C2"
"589","MG-3116803-283A40B5BDEC4E318D77EEE7BB39D51C","AT","MG","3116803","283A40B5BDEC4E318D77EEE7BB39D51C","MG3116803283A40B5BDEC4E318D77EEE7BB39D51C"
"590","MG-3116803-2DE7E8F9B29345D3B79B95A6369E8C8C","AT","MG","3116803","2DE7E8F9B29345D3B79B95A6369E8C8C","MG31168032DE7E8F9B29345D3B79B95A6369E8C8C"
