,NUMREGCAR,Count,uf,munic,fcar
0,GO52035005FD270C3D0964A1687EE9229900C5B32,1,GO,5203500,GO-5203500-5FD270C3D0964A1687EE9229900C5B32
1,MG311110137DDE24C831A4ECAB7F1B42EFB304E64,1,MG,3111101,MG-3111101-37DDE24C831A4ECAB7F1B42EFB304E64
2,MG312700819E5ECA12A5F4A63A79E9F3BB0A174AC,1,MG,3127008,MG-3127008-19E5ECA12A5F4A63A79E9F3BB0A174AC
3,MG312700827159D2D7D6B4CC4908FD9474BD226CC,1,MG,3127008,MG-3127008-27159D2D7D6B4CC4908FD9474BD226CC
4,MG31270085792C74FEADF4235ABCFC4F5FFAC56CC,1,MG,3127008,MG-3127008-5792C74FEADF4235ABCFC4F5FFAC56CC
5,MG3127008869F6ED85DC44EBBB187EA2F57A29293,1,MG,3127008,MG-3127008-869F6ED85DC44EBBB187EA2F57A29293
6,MG3127008FB0EDE3FF1E043CE8AC4A52A330C901D,1,MG,3127008,MG-3127008-FB0EDE3FF1E043CE8AC4A52A330C901D
7,MG3127107023C43B1C60F4527A0FC38D94AA999C6,1,MG,3127107,MG-3127107-023C43B1C60F4527A0FC38D94AA999C6
8,MG3127107039D91EAE0BD4C4BAEB19F0EC7940BB3,1,MG,3127107,MG-3127107-039D91EAE0BD4C4BAEB19F0EC7940BB3
9,MG31271071DDFCE8C3B584A109AC6CDB0B9B19168,1,MG,3127107,MG-3127107-1DDFCE8C3B584A109AC6CDB0B9B19168
10,MG31271072C161535668C438EA44802670930F54C,1,MG,3127107,MG-3127107-2C161535668C438EA44802670930F54C
11,MG312710735CA20ACBAEE40C0918655CA7A462B92,1,MG,3127107,MG-3127107-35CA20ACBAEE40C0918655CA7A462B92
12,MG312710737B970FC7DA544639AB9B6BBD6EC91AC,1,MG,3127107,MG-3127107-37B970FC7DA544639AB9B6BBD6EC91AC
13,MG3127107394138E76EE14B01BD7D04F557F2448A,1,MG,3127107,MG-3127107-394138E76EE14B01BD7D04F557F2448A
14,MG31271073AEB7E1F8142413A9E106835194667E3,1,MG,3127107,MG-3127107-3AEB7E1F8142413A9E106835194667E3
15,MG3127107637632409F504878BFC7006FA10BA77C,1,MG,3127107,MG-3127107-637632409F504878BFC7006FA10BA77C
16,MG312710780D89C140EA64915B686ED6E6B145CC4,1,MG,3127107,MG-3127107-80D89C140EA64915B686ED6E6B145CC4
17,MG31271079440F00DE058412093DBC1B6DB89036E,1,MG,3127107,MG-3127107-9440F00DE058412093DBC1B6DB89036E
18,MG3127107990FD886189249C39FA4DA0ECF3BB684,1,MG,3127107,MG-3127107-990FD886189249C39FA4DA0ECF3BB684
19,MG3127107B6DB231AFFF4456E97DF8A6D3432909A,1,MG,3127107,MG-3127107-B6DB231AFFF4456E97DF8A6D3432909A
20,MG3127107DAE29DFF6AF4457B9077CABF09235C3E,1,MG,3127107,MG-3127107-DAE29DFF6AF4457B9077CABF09235C3E
21,MG3127107E2E767958AB34C46B53CDBF3DBEA02D3,1,MG,3127107,MG-3127107-E2E767958AB34C46B53CDBF3DBEA02D3
22,MG3127107ECB798451542454B9945B283FD4AA76D,1,MG,3127107,MG-3127107-ECB798451542454B9945B283FD4AA76D
23,MG3127107FD4C40906A624CB7935880585B101775,1,MG,3127107,MG-3127107-FD4C40906A624CB7935880585B101775
24,MG31291038C639A2EDE0D4B96B4022FB0CCD7AB69,1,MG,3129103,MG-3129103-8C639A2EDE0D4B96B4022FB0CCD7AB69
25,MG3132909A80E8FBCD20F4606B99AF4CE0C4C5377,1,MG,3132909,MG-3132909-A80E8FBCD20F4606B99AF4CE0C4C5377
26,MG3133402218B4C0ED8374D86BC99F675F98739B6,1,MG,3133402,MG-3133402-218B4C0ED8374D86BC99F675F98739B6
27,MG31334024AE73362BD4A4D7EBCCBC18696D7A50A,1,MG,3133402,MG-3133402-4AE73362BD4A4D7EBCCBC18696D7A50A
28,MG31334029D27D72BBE794B3B99EA4791A487744C,1,MG,3133402,MG-3133402-9D27D72BBE794B3B99EA4791A487744C
29,MG3133402A7BACB394ED7406F8112E31BFFD8F94F,1,MG,3133402,MG-3133402-A7BACB394ED7406F8112E31BFFD8F94F
30,MG3133402E4FA1EE74E9647E68D6ED7D7C9679F5C,1,MG,3133402,MG-3133402-E4FA1EE74E9647E68D6ED7D7C9679F5C
31,MG313420297522C552B144E5E98B604F8C656DCB3,1,MG,3134202,MG-3134202-97522C552B144E5E98B604F8C656DCB3
32,MG3134202D739BEDB3C2D4750A08C8D0F72CD35ED,1,MG,3134202,MG-3134202-D739BEDB3C2D4750A08C8D0F72CD35ED
33,MG3134202FAB2505E01994ED684E984E35D7C51A4,1,MG,3134202,MG-3134202-FAB2505E01994ED684E984E35D7C51A4
34,MG313440069B42D8CB67B45E9B4823C5ECA828662,1,MG,3134400,MG-3134400-69B42D8CB67B45E9B4823C5ECA828662
35,MG3134400A60B4300EC284D4CB1996F82616ACB95,1,MG,3134400,MG-3134400-A60B4300EC284D4CB1996F82616ACB95
36,MG3134400E8C6AD63D2DE4131841BDA48263B236F,1,MG,3134400,MG-3134400-E8C6AD63D2DE4131841BDA48263B236F
37,MG313862514CF79F3BE354C9F87D3E5D9F35D377C,1,MG,3138625,MG-3138625-14CF79F3BE354C9F87D3E5D9F35D377C
38,MG3138625435A0E7834F44F1FA85C0A100E360916,1,MG,3138625,MG-3138625-435A0E7834F44F1FA85C0A100E360916
39,MG3138625C8C4F0706BF545468EB8FFC67E5D6D07,1,MG,3138625,MG-3138625-C8C4F0706BF545468EB8FFC67E5D6D07
40,MG3138625CC66CFD271BD46E5BCFB3210DCE80691,1,MG,3138625,MG-3138625-CC66CFD271BD46E5BCFB3210DCE80691
41,MG3138625D0FBDC75DB9A434C8D3D451A725B08F5,1,MG,3138625,MG-3138625-D0FBDC75DB9A434C8D3D451A725B08F5
42,MG3138625E29D421543904F418837B39DDC1237C1,1,MG,3138625,MG-3138625-E29D421543904F418837B39DDC1237C1
43,MG3138625EB87A49230484B798FF484B1FF6A4200,1,MG,3138625,MG-3138625-EB87A49230484B798FF484B1FF6A4200
44,MG3138625ED438DEC29B9481C8CFD5E198F7B0A2A,1,MG,3138625,MG-3138625-ED438DEC29B9481C8CFD5E198F7B0A2A
45,MG3138625F57C6628922A4F53ABA3EB292E20A6D7,1,MG,3138625,MG-3138625-F57C6628922A4F53ABA3EB292E20A6D7
46,MG3143203CB84F26CBF38488E9B9EA4C591B09BE6,1,MG,3143203,MG-3143203-CB84F26CBF38488E9B9EA4C591B09BE6
47,MG3161304F85468E766154525A8453EF6D9FE3780,0,MG,3161304,MG-3161304-F85468E766154525A8453EF6D9FE3780
48,MG316510735FB087C3923403981C4533DCC43CCBB,1,MG,3165107,MG-3165107-35FB087C3923403981C4533DCC43CCBB
49,MG316510751BFE4A5B7DE4B3F8ECD879B713D209A,1,MG,3165107,MG-3165107-51BFE4A5B7DE4B3F8ECD879B713D209A
50,MG316510776C7008B328042309A89F26F789DD095,1,MG,3165107,MG-3165107-76C7008B328042309A89F26F789DD095
51,MS5002902F408AABD6F3F4837B1E38BEB0634A1CC,1,MS,5002902,MS-5002902-F408AABD6F3F4837B1E38BEB0634A1CC
52,MS5005707F14A9238D7F640DDA8BA7FDBFF61FFFB,1,MS,5005707,MS-5005707-F14A9238D7F640DDA8BA7FDBFF61FFFB
53,MS50074068D3BA34EACF94CCCB7284963B1FE1A26,1,MS,5007406,MS-5007406-8D3BA34EACF94CCCB7284963B1FE1A26
54,SP350100445596C4A82BB4DFE94A697AAD843B319,1,SP,3501004,SP-3501004-45596C4A82BB4DFE94A697AAD843B319
55,SP3501004F18C5AE153D84462A4784E0C0555EC83,1,SP,3501004,SP-3501004-F18C5AE153D84462A4784E0C0555EC83
56,SP3501707B2ED87DB14844743B722F929E4CEA2E7,1,SP,3501707,SP-3501707-B2ED87DB14844743B722F929E4CEA2E7
57,SP35032081C0244E0088B4284B9F0FBCB36128AF7,1,SP,3503208,SP-3503208-1C0244E0088B4284B9F0FBCB36128AF7
58,SP3503208287FBE5BAAD44905B7DCBBFBBDFE04C7,1,SP,3503208,SP-3503208-287FBE5BAAD44905B7DCBBFBBDFE04C7
59,SP35032083DFC0A34B4F8483AAE28367E2FECDA63,1,SP,3503208,SP-3503208-3DFC0A34B4F8483AAE28367E2FECDA63
60,SP3503208465915E18C4940B4842D2476CA3E6E49,1,SP,3503208,SP-3503208-465915E18C4940B4842D2476CA3E6E49
61,SP35032086484191647DD4DD4ADC439A286968CF6,1,SP,3503208,SP-3503208-6484191647DD4DD4ADC439A286968CF6
62,SP3503208882E576E5E32403BB5925FCCFD66E04A,1,SP,3503208,SP-3503208-882E576E5E32403BB5925FCCFD66E04A
63,SP3503208A287FFAF8AB2407C89A3BF512820FD30,1,SP,3503208,SP-3503208-A287FFAF8AB2407C89A3BF512820FD30
64,SP3503208C75616B7833E4963B2FE16DC4AE895EA,1,SP,3503208,SP-3503208-C75616B7833E4963B2FE16DC4AE895EA
65,SP3505500086D12B4474F4D0C90B881E850AD68A8,1,SP,3505500,SP-3505500-086D12B4474F4D0C90B881E850AD68A8
66,SP3505500EFAAA115048748AF96F3DA7516D8CBCB,0,SP,3505500,SP-3505500-EFAAA115048748AF96F3DA7516D8CBCB
67,SP35056097A1BD2D0BCC648AFACDFE6419EEB8BA2,1,SP,3505609,SP-3505609-7A1BD2D0BCC648AFACDFE6419EEB8BA2
68,SP3505609DBB12C3C0B98414C9B581A1C1C19CA3B,1,SP,3505609,SP-3505609-DBB12C3C0B98414C9B581A1C1C19CA3B
69,SP3505609E1A757307CC44C67AB8BAEC0ACFA5A18,1,SP,3505609,SP-3505609-E1A757307CC44C67AB8BAEC0ACFA5A18
70,SP3505906128E94E0246E4C759C90B5E8A60D054E,1,SP,3505906,SP-3505906-128E94E0246E4C759C90B5E8A60D054E
71,SP35059063498352E07994602901825B26F8E8B25,1,SP,3505906,SP-3505906-3498352E07994602901825B26F8E8B25
72,SP350590663FB67437A734824B70D2A418CA4D7B1,1,SP,3505906,SP-3505906-63FB67437A734824B70D2A418CA4D7B1
73,SP3505906A3CDA7D9C4D747B693FF043A3280ABEC,1,SP,3505906,SP-3505906-A3CDA7D9C4D747B693FF043A3280ABEC
74,SP350740790EFE642E1824570B088C1F4A437EE1B,1,SP,3507407,SP-3507407-90EFE642E1824570B088C1F4A437EE1B
75,SP3507803AB779C70D0AF4B859B99D939D8BD9BB1,0,SP,3507803,SP-3507803-AB779C70D0AF4B859B99D939D8BD9BB1
76,SP3508801049A424D41F04F768A49B506B02FC12E,1,SP,3508801,SP-3508801-049A424D41F04F768A49B506B02FC12E
77,SP3510104377F8CE220344ABE88BD975B99D6F38E,1,SP,3510104,SP-3510104-377F8CE220344ABE88BD975B99D6F38E
78,SP351010458C10946E75340A198B0001616D4A5C3,1,SP,3510104,SP-3510104-58C10946E75340A198B0001616D4A5C3
79,SP351010477729E533B1C404C887B08A33DC16D13,1,SP,3510104,SP-3510104-77729E533B1C404C887B08A33DC16D13
80,SP351010497658C75E54F4A0EBE94AE67BE3B5AE6,1,SP,3510104,SP-3510104-97658C75E54F4A0EBE94AE67BE3B5AE6
81,SP3510104C35096844F584BC6BF5A7512A2B5E11E,1,SP,3510104,SP-3510104-C35096844F584BC6BF5A7512A2B5E11E
82,SP351070810E4AD3602954083867326F1AF2D0D35,1,SP,3510708,SP-3510708-10E4AD3602954083867326F1AF2D0D35
83,SP35107085FA2AF2250644624A5FA6C6C30B6421E,1,SP,3510708,SP-3510708-5FA2AF2250644624A5FA6C6C30B6421E
84,SP3510708A66BA107230C493ABBE444F74CC29DC7,1,SP,3510708,SP-3510708-A66BA107230C493ABBE444F74CC29DC7
85,SP3512001ABCFB04321324D3694045123B5C36FA4,1,SP,3512001,SP-3512001-ABCFB04321324D3694045123B5C36FA4
86,SP3512001B40CA7237D864DDD91ACC81F01EE4046,1,SP,3512001,SP-3512001-B40CA7237D864DDD91ACC81F01EE4046
87,SP3512001F45998EAA14042DDA440DC271FF228BC,1,SP,3512001,SP-3512001-F45998EAA14042DDA440DC271FF228BC
88,SP3512100CFDC6404FFAB4537963993A6962C85E7,1,SP,3512100,SP-3512100-CFDC6404FFAB4537963993A6962C85E7
89,SP3514007222BE91BF079476580F2250AAE1F3BB0,1,SP,3514007,SP-3514007-222BE91BF079476580F2250AAE1F3BB0
90,SP351400741B07093F1B94DB7A3380A20C37647B1,1,SP,3514007,SP-3514007-41B07093F1B94DB7A3380A20C37647B1
91,SP35140076014F79CEECF4152A70B4A9F3D0D7B04,1,SP,3514007,SP-3514007-6014F79CEECF4152A70B4A9F3D0D7B04
92,SP3514007ADAAE1A8E57B468F9A4427ACB2D3C05B,1,SP,3514007,SP-3514007-ADAAE1A8E57B468F9A4427ACB2D3C05B
93,SP3514007B66C8FCCCC7E4493A5B40502B6BEC627,1,SP,3514007,SP-3514007-B66C8FCCCC7E4493A5B40502B6BEC627
94,SP3514007D09EB46840C24FC9B12F5C39C495707C,1,SP,3514007,SP-3514007-D09EB46840C24FC9B12F5C39C495707C
95,SP3514007E7EEB585005C488F838C46F48896EA36,1,SP,3514007,SP-3514007-E7EEB585005C488F838C46F48896EA36
96,SP351460111A7677D96A843A9847710F011126CE0,1,SP,3514601,SP-3514601-11A7677D96A843A9847710F011126CE0
97,SP351460128EB3D2FF85940FEAD2B28FEE6F9F9C9,1,SP,3514601,SP-3514601-28EB3D2FF85940FEAD2B28FEE6F9F9C9
98,SP35146013C881044EABE4F209A7052691E20E71B,1,SP,3514601,SP-3514601-3C881044EABE4F209A7052691E20E71B
99,SP351460150F1E7D07C8A47EEA0224061C7C75633,1,SP,3514601,SP-3514601-50F1E7D07C8A47EEA0224061C7C75633
100,SP351460165960BB5254E4C489F5BCCC097215BDF,1,SP,3514601,SP-3514601-65960BB5254E4C489F5BCCC097215BDF
101,SP3515509C7C684841DAF47F99CA5F2581F1B7686,0,SP,3515509,SP-3515509-C7C684841DAF47F99CA5F2581F1B7686
102,SP3516705D172E84823AC41D7935E90B9C2399E71,1,SP,3516705,SP-3516705-D172E84823AC41D7935E90B9C2399E71
103,SP351690346B9F7F777814136AB9E934BE01CA954,1,SP,3516903,SP-3516903-46B9F7F777814136AB9E934BE01CA954
104,SP3516903E553F74759184A408C25C1C44579A069,1,SP,3516903,SP-3516903-E553F74759184A408C25C1C44579A069
105,SP3516903FA93C63E78DE451DB306ECF3A96097EE,1,SP,3516903,SP-3516903-FA93C63E78DE451DB306ECF3A96097EE
106,SP3517307CC37671B36FE4C1EBC503B710CFB5E24,0,SP,3517307,SP-3517307-CC37671B36FE4C1EBC503B710CFB5E24
107,SP351860206C22ADABA4C42D9A7D0E3130F943869,1,SP,3518602,SP-3518602-06C22ADABA4C42D9A7D0E3130F943869
108,SP35186020CC4119656A942638E45063A331FAB12,1,SP,3518602,SP-3518602-0CC4119656A942638E45063A331FAB12
109,SP351860213E023457C2F457399F52D079765D755,1,SP,3518602,SP-3518602-13E023457C2F457399F52D079765D755
110,SP3518602185E28DE21774F5D8C4F3C06A85D662F,1,SP,3518602,SP-3518602-185E28DE21774F5D8C4F3C06A85D662F
111,SP351860257FFF6E3A38B47B3979ED422D9637683,1,SP,3518602,SP-3518602-57FFF6E3A38B47B3979ED422D9637683
112,SP3518602748DAA41686A4614B52CDBC091FC1C00,1,SP,3518602,SP-3518602-748DAA41686A4614B52CDBC091FC1C00
113,SP351860281734FC125D7481A88B862DF1D04DE15,1,SP,3518602,SP-3518602-81734FC125D7481A88B862DF1D04DE15
114,SP351860286BC2C7EFEF146E29C8674243E2C4D9A,1,SP,3518602,SP-3518602-86BC2C7EFEF146E29C8674243E2C4D9A
115,SP35186028B3A6161519A44FEA5303BA48F4D1A7B,1,SP,3518602,SP-3518602-8B3A6161519A44FEA5303BA48F4D1A7B
116,SP3518602A6B30ADC4EE04E9EAA0925E2AA6DE956,1,SP,3518602,SP-3518602-A6B30ADC4EE04E9EAA0925E2AA6DE956
117,SP3518602B2BFA7CDA05E48F7A1DF16D619FBAB6E,1,SP,3518602,SP-3518602-B2BFA7CDA05E48F7A1DF16D619FBAB6E
118,SP3518602B5EAD3959D3B4FD18C7171A20CC2F4C8,1,SP,3518602,SP-3518602-B5EAD3959D3B4FD18C7171A20CC2F4C8
119,SP3518602F476144FD55E4A22B9A170593786DC8F,1,SP,3518602,SP-3518602-F476144FD55E4A22B9A170593786DC8F
120,SP351885905F456F5BD38465882CB19787169FB6E,1,SP,3518859,SP-3518859-05F456F5BD38465882CB19787169FB6E
121,SP3518859123CD3E71ECC4BAF8A2E27738F887E9F,1,SP,3518859,SP-3518859-123CD3E71ECC4BAF8A2E27738F887E9F
122,SP35188591DDF17CEADEE4E7F8153DCAC390A35B3,1,SP,3518859,SP-3518859-1DDF17CEADEE4E7F8153DCAC390A35B3
123,SP3518859216C7B066099483CB2FAD17A367CEAA7,1,SP,3518859,SP-3518859-216C7B066099483CB2FAD17A367CEAA7
124,SP35188592CC0655497324CDBAAF3DFC4A8FD3C84,1,SP,3518859,SP-3518859-2CC0655497324CDBAAF3DFC4A8FD3C84
125,SP351885939DAF5C2AED9479F966E93B09D49137F,1,SP,3518859,SP-3518859-39DAF5C2AED9479F966E93B09D49137F
126,SP351885940FA7CD0173340A1BB2183E96B33BA8C,1,SP,3518859,SP-3518859-40FA7CD0173340A1BB2183E96B33BA8C
127,SP3518859487DC9F0B62A4E3AA04962A5C6255E58,1,SP,3518859,SP-3518859-487DC9F0B62A4E3AA04962A5C6255E58
128,SP35188594DC2AB2E064745429BF150545D603929,1,SP,3518859,SP-3518859-4DC2AB2E064745429BF150545D603929
129,SP3518859515A2A8DA1594C9FA3D1301F604E2180,1,SP,3518859,SP-3518859-515A2A8DA1594C9FA3D1301F604E2180
130,SP351885963240DD62B4340F59C1CA01E56BBD34B,1,SP,3518859,SP-3518859-63240DD62B4340F59C1CA01E56BBD34B
131,SP351885979F3C0F51F2949C18F45E39C95F6647F,1,SP,3518859,SP-3518859-79F3C0F51F2949C18F45E39C95F6647F
132,SP35188597D381DCC6F3449F7800FDD96E8234550,1,SP,3518859,SP-3518859-7D381DCC6F3449F7800FDD96E8234550
133,SP35188597E2BE5944F304374A861244B20698E2D,1,SP,3518859,SP-3518859-7E2BE5944F304374A861244B20698E2D
134,SP35188598A96EC4CE17842399A112E8FCEFBB6E8,1,SP,3518859,SP-3518859-8A96EC4CE17842399A112E8FCEFBB6E8
135,SP3518859904F22DAB9734AA98635CDEB837323B3,1,SP,3518859,SP-3518859-904F22DAB9734AA98635CDEB837323B3
136,SP351885995CAD07E72B6475DB4D024D9E43A084F,1,SP,3518859,SP-3518859-95CAD07E72B6475DB4D024D9E43A084F
137,SP3518859A6AC5ABFAD71447FB13B415EEF6CDF9E,1,SP,3518859,SP-3518859-A6AC5ABFAD71447FB13B415EEF6CDF9E
138,SP3518859AA397B5B63984F61A7DB27D65A3450B3,1,SP,3518859,SP-3518859-AA397B5B63984F61A7DB27D65A3450B3
139,SP3518859B00060CF482549A38CEBDCE155BFCFC5,1,SP,3518859,SP-3518859-B00060CF482549A38CEBDCE155BFCFC5
140,SP3518859BA4B12F49A9F4789BE188A9C4C606E29,1,SP,3518859,SP-3518859-BA4B12F49A9F4789BE188A9C4C606E29
141,SP3518859C30CA2E8307149A7AC958FD8EE95DA3C,1,SP,3518859,SP-3518859-C30CA2E8307149A7AC958FD8EE95DA3C
142,SP3518859D24271E6B4814C5F81B49C7DF61ADFFE,1,SP,3518859,SP-3518859-D24271E6B4814C5F81B49C7DF61ADFFE
143,SP3518859D91087634F12449E86217CD11A2E76D1,1,SP,3518859,SP-3518859-D91087634F12449E86217CD11A2E76D1
144,SP3518859DF058D4DC816422BB4C136AA5F0D7220,1,SP,3518859,SP-3518859-DF058D4DC816422BB4C136AA5F0D7220
145,SP3518859F1BF40C87ABF4C1AAC8668620BF8F989,1,SP,3518859,SP-3518859-F1BF40C87ABF4C1AAC8668620BF8F989
146,SP3518859F2133028186248B882576FF21A649C22,1,SP,3518859,SP-3518859-F2133028186248B882576FF21A649C22
147,SP3518859F768F62373EA4D16AFF0139B86CDECDD,1,SP,3518859,SP-3518859-F768F62373EA4D16AFF0139B86CDECDD
148,SP351960035F8AEF4485A45ED8BA6472ACEB7948C,1,SP,3519600,SP-3519600-35F8AEF4485A45ED8BA6472ACEB7948C
149,SP3519600CD6CD35D57494FB49DA451124DE88B0C,1,SP,3519600,SP-3519600-CD6CD35D57494FB49DA451124DE88B0C
150,SP3521507DD88BC93CC7D40E29BFD85C8B3086F3E,1,SP,3521507,SP-3521507-DD88BC93CC7D40E29BFD85C8B3086F3E
151,SP352190376C1E7D3340547CBA5822B0C071BA51E,1,SP,3521903,SP-3521903-76C1E7D3340547CBA5822B0C071BA51E
152,SP3521903B5C1D5D919494A468180C84FE4B26CC7,1,SP,3521903,SP-3521903-B5C1D5D919494A468180C84FE4B26CC7
153,SP3521903BA9A0D49AD1E4F8E90188416817A5DC2,1,SP,3521903,SP-3521903-BA9A0D49AD1E4F8E90188416817A5DC2
154,SP3521903E00526DDA4BA4D31BF90F8449B7E9941,1,SP,3521903,SP-3521903-E00526DDA4BA4D31BF90F8449B7E9941
155,SP3521903E107AA621BC84815B6EED997D01010E8,1,SP,3521903,SP-3521903-E107AA621BC84815B6EED997D01010E8
156,SP35227034744A99A90614109A09FBA291D6A206A,1,SP,3522703,SP-3522703-4744A99A90614109A09FBA291D6A206A
157,SP35227035B3C40EA6C7F471A8B83DDFF632D1FB6,1,SP,3522703,SP-3522703-5B3C40EA6C7F471A8B83DDFF632D1FB6
158,SP3522703688843E5EE824E9EAF983F1929A3DCAB,1,SP,3522703,SP-3522703-688843E5EE824E9EAF983F1929A3DCAB
159,SP35227038898F03F3523441A922449D5711E382E,1,SP,3522703,SP-3522703-8898F03F3523441A922449D5711E382E
160,SP35227039117EA35621241E497CF208FFB6BF50D,1,SP,3522703,SP-3522703-9117EA35621241E497CF208FFB6BF50D
161,SP3522703A1595380C37641A69ECA8D7CA238931A,1,SP,3522703,SP-3522703-A1595380C37641A69ECA8D7CA238931A
162,SP3522703C34A57E26DFF401B8364D75E930E6110,1,SP,3522703,SP-3522703-C34A57E26DFF401B8364D75E930E6110
163,SP3522703D63E157FE78345B89EC2098A7334BDBD,1,SP,3522703,SP-3522703-D63E157FE78345B89EC2098A7334BDBD
164,SP35242042BF66C8B164B499D8F010053E0860443,1,SP,3524204,SP-3524204-2BF66C8B164B499D8F010053E0860443
165,SP352430303046467329F40E3BD3DFC1A739DB165,1,SP,3524303,SP-3524303-03046467329F40E3BD3DFC1A739DB165
166,SP352430304EC7A3893B644C689E6253975234CB2,1,SP,3524303,SP-3524303-04EC7A3893B644C689E6253975234CB2
167,SP35243030C5D505260CE44A49C05E898273F2EF5,1,SP,3524303,SP-3524303-0C5D505260CE44A49C05E898273F2EF5
168,SP35243030D9D2A55729346DB8EA50D619743C777,1,SP,3524303,SP-3524303-0D9D2A55729346DB8EA50D619743C777
169,SP35243030DC7AA65802248358DE41F64660F882A,1,SP,3524303,SP-3524303-0DC7AA65802248358DE41F64660F882A
170,SP35243030DC942AABD574146A51CD1A38C3B9070,1,SP,3524303,SP-3524303-0DC942AABD574146A51CD1A38C3B9070
171,SP3524303118775A2CCDD4FBE94C84767AFF917A8,1,SP,3524303,SP-3524303-118775A2CCDD4FBE94C84767AFF917A8
172,SP352430312F3B0A20AA6420583FE76D8D766C059,1,SP,3524303,SP-3524303-12F3B0A20AA6420583FE76D8D766C059
173,SP352430316D9C209540044FAACA45EA6100416EE,1,SP,3524303,SP-3524303-16D9C209540044FAACA45EA6100416EE
174,SP35243031739C594B4F540C59AF7B47ADBB2D62D,1,SP,3524303,SP-3524303-1739C594B4F540C59AF7B47ADBB2D62D
175,SP35243031E27D31489DA49238C2A65AA09684028,1,SP,3524303,SP-3524303-1E27D31489DA49238C2A65AA09684028
176,SP352430321656AD4FE944F7CB66011E4418F4187,1,SP,3524303,SP-3524303-21656AD4FE944F7CB66011E4418F4187
177,SP3524303244BE86A3253482D851098B4D30F836D,1,SP,3524303,SP-3524303-244BE86A3253482D851098B4D30F836D
178,SP3524303269E8EAC5A7C4B9DBBE9C8E0790B1FC1,1,SP,3524303,SP-3524303-269E8EAC5A7C4B9DBBE9C8E0790B1FC1
179,SP35243032805984E47D8413EA1F7FEED4A0C84DE,1,SP,3524303,SP-3524303-2805984E47D8413EA1F7FEED4A0C84DE
180,SP35243032BD4A371B79841BC9627DD2444CDDE75,1,SP,3524303,SP-3524303-2BD4A371B79841BC9627DD2444CDDE75
181,SP352430335CE14E8577741088DE40B3D6C4E9A82,1,SP,3524303,SP-3524303-35CE14E8577741088DE40B3D6C4E9A82
182,SP35243033894CBBF24EB443882EC713BBB492DB7,1,SP,3524303,SP-3524303-3894CBBF24EB443882EC713BBB492DB7
183,SP35243033DC590A41CA340C08A97A187975279CD,1,SP,3524303,SP-3524303-3DC590A41CA340C08A97A187975279CD
184,SP352430345EABA24951149768D24A6F8C9E5BA8A,1,SP,3524303,SP-3524303-45EABA24951149768D24A6F8C9E5BA8A
185,SP352430347E7FD74ADEE4D58A7E4A0BFC9137B07,1,SP,3524303,SP-3524303-47E7FD74ADEE4D58A7E4A0BFC9137B07
186,SP35243034BF2884CA53D40CD816BC459457BC020,1,SP,3524303,SP-3524303-4BF2884CA53D40CD816BC459457BC020
187,SP35243034DC775351EA3433F98FD470B175BED2F,1,SP,3524303,SP-3524303-4DC775351EA3433F98FD470B175BED2F
188,SP3524303577FC36D359E4056801675249F938706,1,SP,3524303,SP-3524303-577FC36D359E4056801675249F938706
189,SP3524303653E43E2C5AA42EB81CDC9AFA0DD3027,1,SP,3524303,SP-3524303-653E43E2C5AA42EB81CDC9AFA0DD3027
190,SP35243036931815FD9A8448A903EA686136BB95E,1,SP,3524303,SP-3524303-6931815FD9A8448A903EA686136BB95E
191,SP35243036D06E71E70C44C8780BDA3D724FFEA22,1,SP,3524303,SP-3524303-6D06E71E70C44C8780BDA3D724FFEA22
192,SP35243036D6A603185A04DA7A83DCEDC27D53E67,1,SP,3524303,SP-3524303-6D6A603185A04DA7A83DCEDC27D53E67
193,SP3524303733F23B337C949A4B6314BBA22BD73A4,1,SP,3524303,SP-3524303-733F23B337C949A4B6314BBA22BD73A4
194,SP35243037657C9E80AE741A6B063D8852A3147C0,1,SP,3524303,SP-3524303-7657C9E80AE741A6B063D8852A3147C0
195,SP352430376C011CD099C44CE9ED727CE5F640AC9,1,SP,3524303,SP-3524303-76C011CD099C44CE9ED727CE5F640AC9
196,SP35243037719C63514204FAA8BE3E4E773DD4B26,1,SP,3524303,SP-3524303-7719C63514204FAA8BE3E4E773DD4B26
197,SP35243037A7AD6C4FA144A09B9066F7638202E55,1,SP,3524303,SP-3524303-7A7AD6C4FA144A09B9066F7638202E55
198,SP35243037B0E59609F274F7EB2F7C1A6609A0ABB,1,SP,3524303,SP-3524303-7B0E59609F274F7EB2F7C1A6609A0ABB
199,SP35243037DEAD97D39D84F909939F7C98B260443,1,SP,3524303,SP-3524303-7DEAD97D39D84F909939F7C98B260443
200,SP35243037F899BC4BF434FC29BCD16956D775084,1,SP,3524303,SP-3524303-7F899BC4BF434FC29BCD16956D775084
201,SP352430380055BF84ED64248A45442CF30854E39,0,SP,3524303,SP-3524303-80055BF84ED64248A45442CF30854E39
202,SP3524303825FAA66535C4771B3AE7DEBCB03FA43,1,SP,3524303,SP-3524303-825FAA66535C4771B3AE7DEBCB03FA43
203,SP35243038DC097BB871E49BCAFEEDD4DAAFDBB1E,1,SP,3524303,SP-3524303-8DC097BB871E49BCAFEEDD4DAAFDBB1E
204,SP352430391A843137212411D87BDBBD8D9F5562B,1,SP,3524303,SP-3524303-91A843137212411D87BDBBD8D9F5562B
205,SP3524303935674BF20E94C1D8BDBF4A658363042,1,SP,3524303,SP-3524303-935674BF20E94C1D8BDBF4A658363042
206,SP352430396EC4CD7C7B043B2B787C3BE484FE090,0,SP,3524303,SP-3524303-96EC4CD7C7B043B2B787C3BE484FE090
207,SP35243039F87FF6681004356B5CEFA7EF01A707B,1,SP,3524303,SP-3524303-9F87FF6681004356B5CEFA7EF01A707B
208,SP3524303A4204348BA434E28ADC4E0BAB626B251,1,SP,3524303,SP-3524303-A4204348BA434E28ADC4E0BAB626B251
209,SP3524303A5423CB18EF04CD7B045F16FE2B2BD47,1,SP,3524303,SP-3524303-A5423CB18EF04CD7B045F16FE2B2BD47
210,SP3524303A7682ED563804138AF6A3F96D16FA05F,1,SP,3524303,SP-3524303-A7682ED563804138AF6A3F96D16FA05F
211,SP3524303A85D5BD26F6D4C50B3D21F3D2A523BC1,1,SP,3524303,SP-3524303-A85D5BD26F6D4C50B3D21F3D2A523BC1
212,SP3524303AB82473D9B024CA9B5ABBEEA7281631A,1,SP,3524303,SP-3524303-AB82473D9B024CA9B5ABBEEA7281631A
213,SP3524303AD6A7C7F6BB942B7A5C64F76BF4535B7,1,SP,3524303,SP-3524303-AD6A7C7F6BB942B7A5C64F76BF4535B7
214,SP3524303AE1D25E0508C42BABADC23B3F41E9363,1,SP,3524303,SP-3524303-AE1D25E0508C42BABADC23B3F41E9363
215,SP3524303B3B774AC74BD4C48A83B06BC60BDBDE8,1,SP,3524303,SP-3524303-B3B774AC74BD4C48A83B06BC60BDBDE8
216,SP3524303B4DB9C379C2745D381C499D50E58A337,1,SP,3524303,SP-3524303-B4DB9C379C2745D381C499D50E58A337
217,SP3524303B4E7D6269570418A8C7CB04464344387,1,SP,3524303,SP-3524303-B4E7D6269570418A8C7CB04464344387
218,SP3524303B511EABB874444398E1815F4A23331D5,1,SP,3524303,SP-3524303-B511EABB874444398E1815F4A23331D5
219,SP3524303B81EF71D75DB4B0E824AC12E7E35D76B,1,SP,3524303,SP-3524303-B81EF71D75DB4B0E824AC12E7E35D76B
220,SP3524303B9C6F163F39D4BCEBCD7FFDA66C50DE2,1,SP,3524303,SP-3524303-B9C6F163F39D4BCEBCD7FFDA66C50DE2
221,SP3524303BF07A71C614443019B81105D6B2A386B,1,SP,3524303,SP-3524303-BF07A71C614443019B81105D6B2A386B
222,SP3524303C38FF4FEA8FE4EDBB3CFFCBC52F9944C,1,SP,3524303,SP-3524303-C38FF4FEA8FE4EDBB3CFFCBC52F9944C
223,SP3524303C3E234F167274FDF984BA17F24E3D201,0,SP,3524303,SP-3524303-C3E234F167274FDF984BA17F24E3D201
224,SP3524303CA5A35BC73284A4AB9E382A5B8502C1A,1,SP,3524303,SP-3524303-CA5A35BC73284A4AB9E382A5B8502C1A
225,SP3524303CBF4F7932D364DD9AC0E39E5C37AA0A9,0,SP,3524303,SP-3524303-CBF4F7932D364DD9AC0E39E5C37AA0A9
226,SP3524303D1D92A7568234A58A13134B523E1A5B2,1,SP,3524303,SP-3524303-D1D92A7568234A58A13134B523E1A5B2
227,SP3524303D28288D1B1714A89839447D19A51C917,1,SP,3524303,SP-3524303-D28288D1B1714A89839447D19A51C917
228,SP3524303D2CE0C792E44432CBBCCA3E48655517D,1,SP,3524303,SP-3524303-D2CE0C792E44432CBBCCA3E48655517D
229,SP3524303D35D6052A3004C3EB96D342F15B20926,1,SP,3524303,SP-3524303-D35D6052A3004C3EB96D342F15B20926
230,SP3524303D78A85C41DBA40D891D0FEA45835EF2D,1,SP,3524303,SP-3524303-D78A85C41DBA40D891D0FEA45835EF2D
231,SP3524303DA872C06E9EC4EA6BE3E330467FF4A18,1,SP,3524303,SP-3524303-DA872C06E9EC4EA6BE3E330467FF4A18
232,SP3524303F004FC678B1B436791323E41D93FA6F3,1,SP,3524303,SP-3524303-F004FC678B1B436791323E41D93FA6F3
233,SP3524303F6196583B26A4E84AB1CD3FE7039A61E,1,SP,3524303,SP-3524303-F6196583B26A4E84AB1CD3FE7039A61E
234,SP3526803E2A19DA1F75B404A97C3FC9987F2DE3D,0,SP,3526803,SP-3526803-E2A19DA1F75B404A97C3FC9987F2DE3D
235,SP3527801D3001961CD794DC3A61FC1FB19FF29CA,1,SP,3527801,SP-3527801-D3001961CD794DC3A61FC1FB19FF29CA
236,SP35293020544F27689CD47FE9B9196A622BECCBB,1,SP,3529302,SP-3529302-0544F27689CD47FE9B9196A622BECCBB
237,SP352930214E5A99D2ADD43F0ABAC9B62030C5BD7,1,SP,3529302,SP-3529302-14E5A99D2ADD43F0ABAC9B62030C5BD7
238,SP35293023B64FC6831D54EC4BB9BFFE93C5788CF,1,SP,3529302,SP-3529302-3B64FC6831D54EC4BB9BFFE93C5788CF
239,SP35293024380D5F337CF486E8E3C04893F2ED9CB,1,SP,3529302,SP-3529302-4380D5F337CF486E8E3C04893F2ED9CB
240,SP352930258D5AE64CDD448A99ADB8008BC1E4738,1,SP,3529302,SP-3529302-58D5AE64CDD448A99ADB8008BC1E4738
241,SP35293025DA25D37430D4BE68395555524DC86D4,1,SP,3529302,SP-3529302-5DA25D37430D4BE68395555524DC86D4
242,SP3529302664B22D1DFC44EAEA99AA819C0EC5779,1,SP,3529302,SP-3529302-664B22D1DFC44EAEA99AA819C0EC5779
243,SP35293026D5093B0A0384E1E967CFBDF049F18E0,1,SP,3529302,SP-3529302-6D5093B0A0384E1E967CFBDF049F18E0
244,SP352930282866007393E4DD6B6815EE7F7982D20,1,SP,3529302,SP-3529302-82866007393E4DD6B6815EE7F7982D20
245,SP352930299DBFFDF4B994AAE835FCBF0850E3717,1,SP,3529302,SP-3529302-99DBFFDF4B994AAE835FCBF0850E3717
246,SP3529302A2258972C5AA43EDA1ABD6ACABB94221,1,SP,3529302,SP-3529302-A2258972C5AA43EDA1ABD6ACABB94221
247,SP3529302AF136ED1760141DFB2FA0AFF59A07E3E,1,SP,3529302,SP-3529302-AF136ED1760141DFB2FA0AFF59A07E3E
248,SP3529302C1A3E8E5734C4D1FAB9F4F0DB21EE95B,1,SP,3529302,SP-3529302-C1A3E8E5734C4D1FAB9F4F0DB21EE95B
249,SP3529302D80B209D1E654D6CA87826E3B81A2985,1,SP,3529302,SP-3529302-D80B209D1E654D6CA87826E3B81A2985
250,SP3529302DA7957A5E21E456A8A18EC3BDF6350BA,1,SP,3529302,SP-3529302-DA7957A5E21E456A8A18EC3BDF6350BA
251,SP3529302DCEABCECB86B41A898A3555E7F34CB4F,1,SP,3529302,SP-3529302-DCEABCECB86B41A898A3555E7F34CB4F
252,SP3529302E22D1B8967CE4CB5959A0B2F759D70ED,1,SP,3529302,SP-3529302-E22D1B8967CE4CB5959A0B2F759D70ED
253,SP35310012BAA00AF46C846518602B969223C0C0F,1,SP,3531001,SP-3531001-2BAA00AF46C846518602B969223C0C0F
254,SP35313081CE791C5730749A883CAF14C9C3D5790,1,SP,3531308,SP-3531308-1CE791C5730749A883CAF14C9C3D5790
255,SP35313085A765C4491DC4648A27E5D2E884EB375,1,SP,3531308,SP-3531308-5A765C4491DC4648A27E5D2E884EB375
256,SP3531308AA6227303FD445209CCFBA48F79908EA,1,SP,3531308,SP-3531308-AA6227303FD445209CCFBA48F79908EA
257,SP3531308BE35E05C023F488C97ABA83454C00EC4,1,SP,3531308,SP-3531308-BE35E05C023F488C97ABA83454C00EC4
258,SP3531308C2F56A08017A4459888CE0E69A3161F8,1,SP,3531308,SP-3531308-C2F56A08017A4459888CE0E69A3161F8
259,SP3531308DDC5C4B5C558434A9BE155279F32C2C1,1,SP,3531308,SP-3531308-DDC5C4B5C558434A9BE155279F32C2C1
260,SP353140711DEFEE8B80D467F938BB65CBB3CED03,1,SP,3531407,SP-3531407-11DEFEE8B80D467F938BB65CBB3CED03
261,SP353140729FFB0B871EA4A0498FB0FE923796389,1,SP,3531407,SP-3531407-29FFB0B871EA4A0498FB0FE923796389
262,SP353205817D1B834B08C4F58A54D93F3B7509351,1,SP,3532058,SP-3532058-17D1B834B08C4F58A54D93F3B7509351
263,SP35320582C8FEF6FBC44472F9BF843B34FF9047E,1,SP,3532058,SP-3532058-2C8FEF6FBC44472F9BF843B34FF9047E
264,SP35320583EE625926E4E460DB99EA36B4AE36ECD,1,SP,3532058,SP-3532058-3EE625926E4E460DB99EA36B4AE36ECD
265,SP353205844DD409DC4644366942168E9DB5F6CE6,1,SP,3532058,SP-3532058-44DD409DC4644366942168E9DB5F6CE6
266,SP35320585EEB519E6F1D48278AA1AE9743A4376D,1,SP,3532058,SP-3532058-5EEB519E6F1D48278AA1AE9743A4376D
267,SP353205861E66EAE55FF4A7290F1E3609122DFD7,1,SP,3532058,SP-3532058-61E66EAE55FF4A7290F1E3609122DFD7
268,SP35320587982838F9DFB460D91E8C1EA4CCF8B01,1,SP,3532058,SP-3532058-7982838F9DFB460D91E8C1EA4CCF8B01
269,SP35320587CBC1A16AA2E459E8BADBDB848922FAB,1,SP,3532058,SP-3532058-7CBC1A16AA2E459E8BADBDB848922FAB
270,SP35320587CE470C1C14E4B388091CA616B2B348F,1,SP,3532058,SP-3532058-7CE470C1C14E4B388091CA616B2B348F
271,SP353205880CB2E330BE2400F8CE950F2016D52D9,1,SP,3532058,SP-3532058-80CB2E330BE2400F8CE950F2016D52D9
272,SP353205888B7B055CC604A6B8A92269DC53843D8,1,SP,3532058,SP-3532058-88B7B055CC604A6B8A92269DC53843D8
273,SP3532058D6D03A06FE00481D8AB792EC1CBE55DE,1,SP,3532058,SP-3532058-D6D03A06FE00481D8AB792EC1CBE55DE
274,SP3532058DACEDBABA07048FA90AE0F730E7C3587,1,SP,3532058,SP-3532058-DACEDBABA07048FA90AE0F730E7C3587
275,SP3532058F326C1F844804BC886768B75673B879B,0,SP,3532058,SP-3532058-F326C1F844804BC886768B75673B879B
276,SP353260352257EB5E2BD4998BFB17DF028EEAB0F,1,SP,3532603,SP-3532603-52257EB5E2BD4998BFB17DF028EEAB0F
277,SP3533502298E40F0FE384774BF8BA260457E607D,1,SP,3533502,SP-3533502-298E40F0FE384774BF8BA260457E607D
278,SP353350263955168FCDB4440B641CB2663870D02,1,SP,3533502,SP-3533502-63955168FCDB4440B641CB2663870D02
279,SP353350284756006EF5342079B4A52AD2837642C,1,SP,3533502,SP-3533502-84756006EF5342079B4A52AD2837642C
280,SP3533502C381178367754D00BEE2DECFABF46C72,1,SP,3533502,SP-3533502-C381178367754D00BEE2DECFABF46C72
281,SP35337005B3A3E53940A47E8B18185AA3CFD03AA,0,SP,3533700,SP-3533700-5B3A3E53940A47E8B18185AA3CFD03AA
282,SP3534757163F3B4AD4204AC1ADAAB835F4F7CA16,1,SP,3534757,SP-3534757-163F3B4AD4204AC1ADAAB835F4F7CA16
283,SP353500207DD7C45D3E942C98886BFBB8B06B8D0,1,SP,3535002,SP-3535002-07DD7C45D3E942C98886BFBB8B06B8D0
284,SP35350021680D49FBA204A7CB661F0E52301933A,1,SP,3535002,SP-3535002-1680D49FBA204A7CB661F0E52301933A
285,SP35350021F6BB597B087407AAFBEE1C7F8FB9DD0,1,SP,3535002,SP-3535002-1F6BB597B087407AAFBEE1C7F8FB9DD0
286,SP353500236FD7710DDEB4FEF9F652436C122D3A7,1,SP,3535002,SP-3535002-36FD7710DDEB4FEF9F652436C122D3A7
287,SP35350023DC863903D7C42FC9F62894F755C2800,1,SP,3535002,SP-3535002-3DC863903D7C42FC9F62894F755C2800
288,SP353500240C01BBAB3DD4547ACBB2CF3E5E0BF67,1,SP,3535002,SP-3535002-40C01BBAB3DD4547ACBB2CF3E5E0BF67
289,SP3535002415A2CFCCF6B4DC385D02C3268D01824,1,SP,3535002,SP-3535002-415A2CFCCF6B4DC385D02C3268D01824
290,SP3535002585023E7A78647558214BFE24FBF611D,1,SP,3535002,SP-3535002-585023E7A78647558214BFE24FBF611D
291,SP353500260C312A9890F41DB909B1AEDABD152ED,1,SP,3535002,SP-3535002-60C312A9890F41DB909B1AEDABD152ED
292,SP3535002683FF484A1184BBF9D9D87CA7D92358A,1,SP,3535002,SP-3535002-683FF484A1184BBF9D9D87CA7D92358A
293,SP35350027332E87CC64447AB9B90600125687065,1,SP,3535002,SP-3535002-7332E87CC64447AB9B90600125687065
294,SP35350027FBC29A1A88D419EBF00F797B3D62E40,1,SP,3535002,SP-3535002-7FBC29A1A88D419EBF00F797B3D62E40
295,SP35350028BB90BDFB1624905888097443F8D60C7,1,SP,3535002,SP-3535002-8BB90BDFB1624905888097443F8D60C7
296,SP353500297BAAFDC07D442A1BE4E2DA6D836E9DE,1,SP,3535002,SP-3535002-97BAAFDC07D442A1BE4E2DA6D836E9DE
297,SP3535002A9A5F5E72BD642C6A60413C4BD7501D8,1,SP,3535002,SP-3535002-A9A5F5E72BD642C6A60413C4BD7501D8
298,SP3535002AD3D9B1A1CA24462A76E05B33C899E51,1,SP,3535002,SP-3535002-AD3D9B1A1CA24462A76E05B33C899E51
299,SP3535002AE29685C68A446BFA66CA289D83298C9,1,SP,3535002,SP-3535002-AE29685C68A446BFA66CA289D83298C9
300,SP3535002B81BCF8F7EF34150B0B06FA44A8AEB27,1,SP,3535002,SP-3535002-B81BCF8F7EF34150B0B06FA44A8AEB27
301,SP3535002C05FFF2173FB4560AD53C72F8139D0A8,1,SP,3535002,SP-3535002-C05FFF2173FB4560AD53C72F8139D0A8
302,SP3535002C39F61FBD45A4FE9B9DB41642C30FBE5,1,SP,3535002,SP-3535002-C39F61FBD45A4FE9B9DB41642C30FBE5
303,SP3535002C54A6412F2174BAABD020E756C5779EC,1,SP,3535002,SP-3535002-C54A6412F2174BAABD020E756C5779EC
304,SP3535002C9156E596B5E4BF5A7E4AB052700B7B7,1,SP,3535002,SP-3535002-C9156E596B5E4BF5A7E4AB052700B7B7
305,SP3535002D3C38922D0114B2DBBF18E00D6EA9EB9,1,SP,3535002,SP-3535002-D3C38922D0114B2DBBF18E00D6EA9EB9
306,SP3535002D426BF430B4C4F43B985BEE07AAA7791,1,SP,3535002,SP-3535002-D426BF430B4C4F43B985BEE07AAA7791
307,SP3535002D470486002B24995B31365A7A2C11102,1,SP,3535002,SP-3535002-D470486002B24995B31365A7A2C11102
308,SP3535002D68439EDE895466F8C315C4E7919783B,1,SP,3535002,SP-3535002-D68439EDE895466F8C315C4E7919783B
309,SP3535002E5D5D8A1B9B843EF83D8E66A38A0090F,1,SP,3535002,SP-3535002-E5D5D8A1B9B843EF83D8E66A38A0090F
310,SP3535002E9610D9EE80E4223921BFC53E361EE3F,1,SP,3535002,SP-3535002-E9610D9EE80E4223921BFC53E361EE3F
311,SP3536000ACD0F0200C2E4C37B00A16BF2343D2C7,1,SP,3536000,SP-3536000-ACD0F0200C2E4C37B00A16BF2343D2C7
312,SP353630703C0130B26BC4B9E8A6DA288DA994CFB,1,SP,3536307,SP-3536307-03C0130B26BC4B9E8A6DA288DA994CFB
313,SP35363072E39329A9BFE4EDDB7C0DA4BE005B9F4,1,SP,3536307,SP-3536307-2E39329A9BFE4EDDB7C0DA4BE005B9F4
314,SP353630738E1F2C15F2F44D3AEBFA47848DB8B76,1,SP,3536307,SP-3536307-38E1F2C15F2F44D3AEBFA47848DB8B76
315,SP353630739C8340CEEE54519A353C1E4921B8A11,1,SP,3536307,SP-3536307-39C8340CEEE54519A353C1E4921B8A11
316,SP35363078FA0CD7AF87243C2AD4A29EF1C780683,1,SP,3536307,SP-3536307-8FA0CD7AF87243C2AD4A29EF1C780683
317,SP3536307A14D5F1196DC4FE89631A52006CE8D3A,1,SP,3536307,SP-3536307-A14D5F1196DC4FE89631A52006CE8D3A
318,SP3536307AA36A6369D48486EB1C65F08DFF7BEC0,1,SP,3536307,SP-3536307-AA36A6369D48486EB1C65F08DFF7BEC0
319,SP3536307AAED526D05264DA281EA7C8692482317,1,SP,3536307,SP-3536307-AAED526D05264DA281EA7C8692482317
320,SP3536307D3EBF3FAC8564D139139231BDCBFA492,1,SP,3536307,SP-3536307-D3EBF3FAC8564D139139231BDCBFA492
321,SP3536307E76342C0AB1F47D29C1AC5568BE76819,1,SP,3536307,SP-3536307-E76342C0AB1F47D29C1AC5568BE76819
322,SP3536307F5CDFF4EC2FB43FEA76AA177E901AA60,1,SP,3536307,SP-3536307-F5CDFF4EC2FB43FEA76AA177E901AA60
323,SP3536604B96E3840F46247E79C82046385452ADD,1,SP,3536604,SP-3536604-B96E3840F46247E79C82046385452ADD
324,SP3536703223A1829E5A4411F885257F3629DF141,1,SP,3536703,SP-3536703-223A1829E5A4411F885257F3629DF141
325,SP35381050DAFF7B4ACCA455FAA177E7A94B8F269,1,SP,3538105,SP-3538105-0DAFF7B4ACCA455FAA177E7A94B8F269
326,SP3538105D4B13E2251B3446AA7B445237DF0CBCD,1,SP,3538105,SP-3538105-D4B13E2251B3446AA7B445237DF0CBCD
327,SP35389074A6B17B442114916B860107C4F77527C,1,SP,3538907,SP-3538907-4A6B17B442114916B860107C4F77527C
328,SP35389078008D3921DFB41CFB9B89479B9A774D8,1,SP,3538907,SP-3538907-8008D3921DFB41CFB9B89479B9A774D8
329,SP35396081AE0BF2C83E34158B5C09EA38C1DFF3D,1,SP,3539608,SP-3539608-1AE0BF2C83E34158B5C09EA38C1DFF3D
330,SP3540309455A2263AE1B4CEDBF18C9A8EF56FD37,1,SP,3540309,SP-3540309-455A2263AE1B4CEDBF18C9A8EF56FD37
331,SP3540309663984AC1E8A4B0F817BC2599BBF2DA4,1,SP,3540309,SP-3540309-663984AC1E8A4B0F817BC2599BBF2DA4
332,SP3540903262EC6A45FFB45A8B306D5BB26DCAB02,1,SP,3540903,SP-3540903-262EC6A45FFB45A8B306D5BB26DCAB02
333,SP354090373F249DF772D472EA6E4054C889E3C37,1,SP,3540903,SP-3540903-73F249DF772D472EA6E4054C889E3C37
334,SP354090379CFF2423DFE491AADDFEBEBD58C253F,1,SP,3540903,SP-3540903-79CFF2423DFE491AADDFEBEBD58C253F
335,SP35409038E5E9C97601D4B569130EEC00F292D1E,1,SP,3540903,SP-3540903-8E5E9C97601D4B569130EEC00F292D1E
336,SP3540903B11929B3E6EA4E9696D1E205DB6984F0,1,SP,3540903,SP-3540903-B11929B3E6EA4E9696D1E205DB6984F0
337,SP3540903E33502A05729445AB39A789964C1ABA2,0,SP,3540903,SP-3540903-E33502A05729445AB39A789964C1ABA2
338,SP35434021DA8730846C74686A4AB4FFFEDF102CA,1,SP,3543402,SP-3543402-1DA8730846C74686A4AB4FFFEDF102CA
339,SP35434021F1F7808BB7942A7AC24E42F391C7A50,1,SP,3543402,SP-3543402-1F1F7808BB7942A7AC24E42F391C7A50
340,SP354340242E69DAFD66A48F2A2C94EF340E96EAD,1,SP,3543402,SP-3543402-42E69DAFD66A48F2A2C94EF340E96EAD
341,SP35434024B9B41D5E4C44F83BCC3BF1C40A0AD09,1,SP,3543402,SP-3543402-4B9B41D5E4C44F83BCC3BF1C40A0AD09
342,SP3543402684F1290C16E47FD88B387C429B2804F,1,SP,3543402,SP-3543402-684F1290C16E47FD88B387C429B2804F
343,SP3543402EF060FEE30C44FDB89DE102EA19D6E60,1,SP,3543402,SP-3543402-EF060FEE30C44FDB89DE102EA19D6E60
344,SP3543402FB219CA4F6AA4588AF2B80E948058DBC,1,SP,3543402,SP-3543402-FB219CA4F6AA4588AF2B80E948058DBC
345,SP35437093441624B211E459D97BC7E1C7FF2C66D,1,SP,3543709,SP-3543709-3441624B211E459D97BC7E1C7FF2C66D
346,SP354370967FEDFB442A74EFDAFED739AA5492A54,1,SP,3543709,SP-3543709-67FEDFB442A74EFDAFED739AA5492A54
347,SP3543709895E9A4CA7AA45F787AB51BFD227F7E4,1,SP,3543709,SP-3543709-895E9A4CA7AA45F787AB51BFD227F7E4
348,SP3543709F0021CE51CC64BE295FD0164556406B2,1,SP,3543709,SP-3543709-F0021CE51CC64BE295FD0164556406B2
349,SP35442021CC80758D5D14B37BA4FDB5607741084,1,SP,3544202,SP-3544202-1CC80758D5D14B37BA4FDB5607741084
350,SP35448066B687EF4F1B84898BCDF0F4308F089C9,1,SP,3544806,SP-3544806-6B687EF4F1B84898BCDF0F4308F089C9
351,SP354560531C240CD9EEA4DB795EAF79257D3A555,1,SP,3545605,SP-3545605-31C240CD9EEA4DB795EAF79257D3A555
352,SP35456054B1327CD9F0048C8AF0EF7D758D0BF69,1,SP,3545605,SP-3545605-4B1327CD9F0048C8AF0EF7D758D0BF69
353,SP3545605744C3D0EC2614782AF597E510CD204D4,1,SP,3545605,SP-3545605-744C3D0EC2614782AF597E510CD204D4
354,SP3545605FC224EA067B740748563093314CEEB53,0,SP,3545605,SP-3545605-FC224EA067B740748563093314CEEB53
355,SP354650417316620B58E4D9A804E41102F4433F8,1,SP,3546504,SP-3546504-17316620B58E4D9A804E41102F4433F8
356,SP35465046EB6A453EEE24B7985BC522A0F0E5263,1,SP,3546504,SP-3546504-6EB6A453EEE24B7985BC522A0F0E5263
357,SP3546504B94FB8D88D6B49C994D16BAB866E6567,1,SP,3546504,SP-3546504-B94FB8D88D6B49C994D16BAB866E6567
358,SP3546504FFEDB04F349B452AAED6CDB1F18A0AD3,1,SP,3546504,SP-3546504-FFEDB04F349B452AAED6CDB1F18A0AD3
359,SP354750255E0E2928C6042439DD9F30820431BAA,1,SP,3547502,SP-3547502-55E0E2928C6042439DD9F30820431BAA
360,SP3552601C14D91A2A6E546A89928041173C30A01,1,SP,3552601,SP-3552601-C14D91A2A6E546A89928041173C30A01
361,SP3552700E4D0C8F26C234432A308F245268B367B,1,SP,3552700,SP-3552700-E4D0C8F26C234432A308F245268B367B
362,SP35532037758C310E68943F68BFF6E34A3CC369B,1,SP,3553203,SP-3553203-7758C310E68943F68BFF6E34A3CC369B
363,SP3553203D7550D3273A445459C0CA1CC9F01DC82,1,SP,3553203,SP-3553203-D7550D3273A445459C0CA1CC9F01DC82
364,SP3553203E702888E159D45FDB83877FF261E2B77,1,SP,3553203,SP-3553203-E702888E159D45FDB83877FF261E2B77
365,SP355340137712E2C1B0E40B898C3E8FD406A0C5B,1,SP,3553401,SP-3553401-37712E2C1B0E40B898C3E8FD406A0C5B
366,SP3553401B6EFB97DDA6649898BC55B296A3CB982,1,SP,3553401,SP-3553401-B6EFB97DDA6649898BC55B296A3CB982
367,SP3553401C2F5B34A04294D2D8E414980BC2B2888,1,SP,3553401,SP-3553401-C2F5B34A04294D2D8E414980BC2B2888
368,SP35537080363D6D4AE3A4CF5834FC4B14EB2FD19,1,SP,3553708,SP-3553708-0363D6D4AE3A4CF5834FC4B14EB2FD19
369,SP355370803B5C2A8CCD847408C3652DFC08FBE62,1,SP,3553708,SP-3553708-03B5C2A8CCD847408C3652DFC08FBE62
370,SP3553708062438BB75E243F88F13F8CD61F84035,1,SP,3553708,SP-3553708-062438BB75E243F88F13F8CD61F84035
371,SP3553708072CF0C8240D4A7994DF49E41713C12B,1,SP,3553708,SP-3553708-072CF0C8240D4A7994DF49E41713C12B
372,SP355370807B0F70D204C4F5CAF94D3D3A65B80DC,1,SP,3553708,SP-3553708-07B0F70D204C4F5CAF94D3D3A65B80DC
373,SP35537080858FA9FDFB0409EA92DDE3863FA14D1,1,SP,3553708,SP-3553708-0858FA9FDFB0409EA92DDE3863FA14D1
374,SP355370808989150066A43F0A2B153E45E9CB678,1,SP,3553708,SP-3553708-08989150066A43F0A2B153E45E9CB678
375,SP355370808F4112E61274728B7E28D4DD2C492B7,1,SP,3553708,SP-3553708-08F4112E61274728B7E28D4DD2C492B7
376,SP3553708091EAB10770A48328E6C7B9AA8156DF2,1,SP,3553708,SP-3553708-091EAB10770A48328E6C7B9AA8156DF2
377,SP35537080A9DF8059DA24D809F05F551C8381534,1,SP,3553708,SP-3553708-0A9DF8059DA24D809F05F551C8381534
378,SP35537080B8611F8492B4FBE9F4919FD2B4CCCFB,1,SP,3553708,SP-3553708-0B8611F8492B4FBE9F4919FD2B4CCCFB
379,SP35537080CD642AFEAB8483FA6531F2D4F185ED8,1,SP,3553708,SP-3553708-0CD642AFEAB8483FA6531F2D4F185ED8
380,SP35537080D4F4186682E4B17BB2F3FFFDF818E8D,1,SP,3553708,SP-3553708-0D4F4186682E4B17BB2F3FFFDF818E8D
381,SP3553708144DADAAEE994AFA80B69844A8BA9D76,1,SP,3553708,SP-3553708-144DADAAEE994AFA80B69844A8BA9D76
382,SP35537081FF6E8317DC84083AB0B4FADBF078A89,0,SP,3553708,SP-3553708-1FF6E8317DC84083AB0B4FADBF078A89
383,SP35537082363162A99F549EB95F8BDA41D6C4C41,1,SP,3553708,SP-3553708-2363162A99F549EB95F8BDA41D6C4C41
384,SP355370826DB381602EF46B78D04BDCED4CCF582,1,SP,3553708,SP-3553708-26DB381602EF46B78D04BDCED4CCF582
385,SP355370827B4910CA6074CA387637A8086A4B195,1,SP,3553708,SP-3553708-27B4910CA6074CA387637A8086A4B195
386,SP35537082847AE9800F147A58CC6658A2275C5A5,1,SP,3553708,SP-3553708-2847AE9800F147A58CC6658A2275C5A5
387,SP3553708303FC9048EC44024BAF59200A6A2AA07,1,SP,3553708,SP-3553708-303FC9048EC44024BAF59200A6A2AA07
388,SP35537083231B91193B3460C979D63AF8CABCC5A,1,SP,3553708,SP-3553708-3231B91193B3460C979D63AF8CABCC5A
389,SP35537083A1DE70ECFE64191B6D4A8D8C9026536,1,SP,3553708,SP-3553708-3A1DE70ECFE64191B6D4A8D8C9026536
390,SP35537083CB6F6CB2CC74B658B8220A88406C647,1,SP,3553708,SP-3553708-3CB6F6CB2CC74B658B8220A88406C647
391,SP35537083F8DFC2C49614B768D2A3D8021299A0C,1,SP,3553708,SP-3553708-3F8DFC2C49614B768D2A3D8021299A0C
392,SP35537084389915C37424AF6A21D3FBF1B6D2D40,1,SP,3553708,SP-3553708-4389915C37424AF6A21D3FBF1B6D2D40
393,SP355370846CEAA409E334438AF72207E838E8D6E,1,SP,3553708,SP-3553708-46CEAA409E334438AF72207E838E8D6E
394,SP355370846D3951E4B6B4BC28D0C86ADB71FBBD5,1,SP,3553708,SP-3553708-46D3951E4B6B4BC28D0C86ADB71FBBD5
395,SP355370849A3269AAE35408995F4486D1409FA51,1,SP,3553708,SP-3553708-49A3269AAE35408995F4486D1409FA51
396,SP35537084D4F4BD089884FD8A4758EBA38D34892,1,SP,3553708,SP-3553708-4D4F4BD089884FD8A4758EBA38D34892
397,SP3553708522501587CD0421493464ECA36E4D84A,1,SP,3553708,SP-3553708-522501587CD0421493464ECA36E4D84A
398,SP355370857B0C9FFD15243E1AE7E4E422B59A16E,1,SP,3553708,SP-3553708-57B0C9FFD15243E1AE7E4E422B59A16E
399,SP35537085DC28721E7B04CEBB4175DC5087BF35C,1,SP,3553708,SP-3553708-5DC28721E7B04CEBB4175DC5087BF35C
400,SP35537085E108273477444EF9128DBEC6D97197D,1,SP,3553708,SP-3553708-5E108273477444EF9128DBEC6D97197D
401,SP35537085F2E87B8ABE847618C1AF8E982479ED6,1,SP,3553708,SP-3553708-5F2E87B8ABE847618C1AF8E982479ED6
402,SP3553708625354A6D1C147BBAA351A2653D2A5C3,1,SP,3553708,SP-3553708-625354A6D1C147BBAA351A2653D2A5C3
403,SP355370863B9D7B6A988411A8A8F3BA1744F0F60,1,SP,3553708,SP-3553708-63B9D7B6A988411A8A8F3BA1744F0F60
404,SP3553708641F8D880A6B4EE6B9640F07EEC9E7BB,1,SP,3553708,SP-3553708-641F8D880A6B4EE6B9640F07EEC9E7BB
405,SP3553708698776D9448F42078AAEB1C6B3D2504A,1,SP,3553708,SP-3553708-698776D9448F42078AAEB1C6B3D2504A
406,SP3553708698EB422A8304A3BBB200E882CD4E989,1,SP,3553708,SP-3553708-698EB422A8304A3BBB200E882CD4E989
407,SP35537086B4E5206FDA74D9CBFA961CFF31B2F04,1,SP,3553708,SP-3553708-6B4E5206FDA74D9CBFA961CFF31B2F04
408,SP35537086E81B98218E0424585F91CBD1C2640B7,1,SP,3553708,SP-3553708-6E81B98218E0424585F91CBD1C2640B7
409,SP3553708717729B507BA42D2BEF1919C06A84931,1,SP,3553708,SP-3553708-717729B507BA42D2BEF1919C06A84931
410,SP355370875EB43DF11594E7A96F4561A8FDDABB7,1,SP,3553708,SP-3553708-75EB43DF11594E7A96F4561A8FDDABB7
411,SP35537087653BD924236459B8C47BC58F98EFCE5,1,SP,3553708,SP-3553708-7653BD924236459B8C47BC58F98EFCE5
412,SP355370876A7B4F9D99549C78E7AC67B53BB2B3C,1,SP,3553708,SP-3553708-76A7B4F9D99549C78E7AC67B53BB2B3C
413,SP35537087AFAC93FC67E4174A523FD5E935CEACA,1,SP,3553708,SP-3553708-7AFAC93FC67E4174A523FD5E935CEACA
414,SP35537087D52337EDE6547CCBB4D3C1265DACB2A,1,SP,3553708,SP-3553708-7D52337EDE6547CCBB4D3C1265DACB2A
415,SP35537087FE74DBE05434D2AAC66BB501684048D,1,SP,3553708,SP-3553708-7FE74DBE05434D2AAC66BB501684048D
416,SP35537088AD9E86E75D84315AE9FED048812FC8B,1,SP,3553708,SP-3553708-8AD9E86E75D84315AE9FED048812FC8B
417,SP355370891969BC01A48412787C2C5625EEB6D11,1,SP,3553708,SP-3553708-91969BC01A48412787C2C5625EEB6D11
418,SP355370892A63A0F23334E10B312AEA000572D36,1,SP,3553708,SP-3553708-92A63A0F23334E10B312AEA000572D36
419,SP3553708943E0C267F964F54AADC0BC1416CFC51,1,SP,3553708,SP-3553708-943E0C267F964F54AADC0BC1416CFC51
420,SP35537089532B608710B440F82A6945FB640B3C8,1,SP,3553708,SP-3553708-9532B608710B440F82A6945FB640B3C8
421,SP3553708956D327273BE4502890E643A62057863,1,SP,3553708,SP-3553708-956D327273BE4502890E643A62057863
422,SP3553708961C4C023C78407B9A4EE1ABFB57BAB0,1,SP,3553708,SP-3553708-961C4C023C78407B9A4EE1ABFB57BAB0
423,SP35537089DC8985142A648019A6BDC3360DAAFC4,1,SP,3553708,SP-3553708-9DC8985142A648019A6BDC3360DAAFC4
424,SP35537089E3FDF045ABD4CB9A9071E2DD3FE81D5,1,SP,3553708,SP-3553708-9E3FDF045ABD4CB9A9071E2DD3FE81D5
425,SP35537089F44D94F5C9C43FF95D95829823A8659,1,SP,3553708,SP-3553708-9F44D94F5C9C43FF95D95829823A8659
426,SP3553708A30BD8178E844312998C630E9F4D1A30,1,SP,3553708,SP-3553708-A30BD8178E844312998C630E9F4D1A30
427,SP3553708A5F673725E0E431C9E43B22FEB045E2C,1,SP,3553708,SP-3553708-A5F673725E0E431C9E43B22FEB045E2C
428,SP3553708A683C1419B744985B282D80959EA1326,1,SP,3553708,SP-3553708-A683C1419B744985B282D80959EA1326
429,SP3553708A6B57DD155A84AA5819D41E870D13D1A,1,SP,3553708,SP-3553708-A6B57DD155A84AA5819D41E870D13D1A
430,SP3553708A9D6B4F756BB45919EA7C9756FFB254D,1,SP,3553708,SP-3553708-A9D6B4F756BB45919EA7C9756FFB254D
431,SP3553708AA34AC59851D4B71BE2127B0FDFAF724,1,SP,3553708,SP-3553708-AA34AC59851D4B71BE2127B0FDFAF724
432,SP3553708AA3E7655C01A41699C9164A87DD1644A,1,SP,3553708,SP-3553708-AA3E7655C01A41699C9164A87DD1644A
433,SP3553708AEB716FA958445A28AEED88BC5A58BC7,1,SP,3553708,SP-3553708-AEB716FA958445A28AEED88BC5A58BC7
434,SP3553708AFDBC8C90F67414281CCC0A811177C53,1,SP,3553708,SP-3553708-AFDBC8C90F67414281CCC0A811177C53
435,SP3553708B293A84CD7214658B7E556112DD90B1C,1,SP,3553708,SP-3553708-B293A84CD7214658B7E556112DD90B1C
436,SP3553708B30E6113597D48EA8EBCA56924CD630C,1,SP,3553708,SP-3553708-B30E6113597D48EA8EBCA56924CD630C
437,SP3553708B3B40607D9EC47B39A585035D516A560,1,SP,3553708,SP-3553708-B3B40607D9EC47B39A585035D516A560
438,SP3553708B6CB9C346B1A49769E52BC44C7D921DD,1,SP,3553708,SP-3553708-B6CB9C346B1A49769E52BC44C7D921DD
439,SP3553708BD3F48A4FBFE4C488F6022B9C36F7DC1,1,SP,3553708,SP-3553708-BD3F48A4FBFE4C488F6022B9C36F7DC1
440,SP3553708BDC82F5FA22145A5B94E45D353001570,1,SP,3553708,SP-3553708-BDC82F5FA22145A5B94E45D353001570
441,SP3553708C06CE73F827F49D9ABD386A80BD37FAC,1,SP,3553708,SP-3553708-C06CE73F827F49D9ABD386A80BD37FAC
442,SP3553708C19DAF28E878458584873AECBAB95F92,1,SP,3553708,SP-3553708-C19DAF28E878458584873AECBAB95F92
443,SP3553708C43168C278EE4E5588BFE11627AA1D22,1,SP,3553708,SP-3553708-C43168C278EE4E5588BFE11627AA1D22
444,SP3553708CEA2E53369BC456C8C2A5FEE5AC464BC,1,SP,3553708,SP-3553708-CEA2E53369BC456C8C2A5FEE5AC464BC
445,SP3553708CEBE99BFF56943DF85D47B4BCC07F697,1,SP,3553708,SP-3553708-CEBE99BFF56943DF85D47B4BCC07F697
446,SP3553708D4F14A2FF6DA42EA9E15D59F8F57B6A4,1,SP,3553708,SP-3553708-D4F14A2FF6DA42EA9E15D59F8F57B6A4
447,SP3553708DD040990589F4502BE55DF4E30B3EFCF,1,SP,3553708,SP-3553708-DD040990589F4502BE55DF4E30B3EFCF
448,SP3553708DFEE19EE1DAB4088ABE7B5C886ECF753,1,SP,3553708,SP-3553708-DFEE19EE1DAB4088ABE7B5C886ECF753
449,SP3553708E50C78E75E524B3AA2C6066AC4FE482F,1,SP,3553708,SP-3553708-E50C78E75E524B3AA2C6066AC4FE482F
450,SP3553708E51EA7DD08D546399EF2AE3287C4ACD3,1,SP,3553708,SP-3553708-E51EA7DD08D546399EF2AE3287C4ACD3
451,SP3553708E54198ADCEB64A4189267DD5B6CA322A,1,SP,3553708,SP-3553708-E54198ADCEB64A4189267DD5B6CA322A
452,SP3553708EB64F2865C5B4374A77FE31919A96F49,1,SP,3553708,SP-3553708-EB64F2865C5B4374A77FE31919A96F49
453,SP3553708EB6C39204B8F4DB4BCCD5DCE766FCB3B,1,SP,3553708,SP-3553708-EB6C39204B8F4DB4BCCD5DCE766FCB3B
454,SP3553708EF3B18233C9A4112B4F031A678496534,1,SP,3553708,SP-3553708-EF3B18233C9A4112B4F031A678496534
455,SP3553708F44CB3E2257C41FB909819F720608FC9,1,SP,3553708,SP-3553708-F44CB3E2257C41FB909819F720608FC9
456,SP3553708F4D32E294B944997B70D4C734994593A,1,SP,3553708,SP-3553708-F4D32E294B944997B70D4C734994593A
457,SP3553708F66AFE8DED1D495281CD611D7A4191FB,0,SP,3553708,SP-3553708-F66AFE8DED1D495281CD611D7A4191FB
458,SP3553708FE3919987A7A436C95E6C23B8AE037DD,1,SP,3553708,SP-3553708-FE3919987A7A436C95E6C23B8AE037DD
459,SP3553708FFFE9118EBBD4F838D6AEE02707824AE,0,SP,3553708,SP-3553708-FFFE9118EBBD4F838D6AEE02707824AE
460,SP3556008A53216A319964487A9B7471523E5217F,1,SP,3556008,SP-3556008-A53216A319964487A9B7471523E5217F
461,SP3557154EE2C84FCECCC48998C41E3B2BF9AFF3F,1,SP,3557154,SP-3557154-EE2C84FCECCC48998C41E3B2BF9AFF3F
462,TO1712504BA4B20453B724A6CB140709E4C6EC872,0,TO,1712504,TO-1712504-BA4B20453B724A6CB140709E4C6EC872
