"","fcar","uf","munic","year","farm_area_hec","Formacao Florestal","Formacao Savanica","Cana-de-Acucar","Mosaico de Agricultura e Pastagem","Outras Lavouras Temporarias","Silvicultura","Campo Alagado e Area Pantanosa","Soja","Caf√©","Citrus","Fomacao Campestre","Pastagem","Area Urbanizada","Rio, Lago e Oceano","Outras Areas nao Vegetadas","Outras Lavouras Perenes","Afloramento"
"1","SP-3536307-03C0130B26BC4B9E8A6DA288DA994CFB","SP",3536307,"2020",223.09,28.92,0.67,154.07,34.48,4.95,0,0,0,0,0,0,0,0,0,0,0,0
"2","SP-3536307-2E39329A9BFE4EDDB7C0DA4BE005B9F4","SP",3536307,"2020",73.27,27.89,0,41.94,3.44,0,0,0,0,0,0,0,0,0,0,0,0,0
"3","SP-3536307-38E1F2C15F2F44D3AEBFA47848DB8B76","SP",3536307,"2020",176.5,5.29,23.13,107.81,19.7,0,0.03,5.24,15.3,0,0,0,0,0,0,0,0,0
"4","SP-3536307-39C8340CEEE54519A353C1E4921B8A11","SP",3536307,"2020",147.84,25.43,0,88.77,31.41,0,0,0,0,0.23,2.01,0,0,0,0,0,0,0
"5","SP-3536307-8FA0CD7AF87243C2AD4A29EF1C780683","SP",3536307,"2020",38.91,0,0,38.86,0.05,0,0,0,0,0,0,0,0,0,0,0,0,0
"6","SP-3536307-A14D5F1196DC4FE89631A52006CE8D3A","SP",3536307,"2020",148.42,6.38,0,105.04,29.56,7.45,0,0,0,0,0,0,0,0,0,0,0,0
"7","SP-3536307-AA36A6369D48486EB1C65F08DFF7BEC0","SP",3536307,"2020",8.4,0,0,8.4,0,0,0,0,0,0,0,0,0,0,0,0,0,0
"8","SP-3536307-AAED526D05264DA281EA7C8692482317","SP",3536307,"2020",118.68,0.16,0,108.96,2.2,0,0,0,7.37,0,0,0,0,0,0,0,0,0
"9","SP-3536307-D3EBF3FAC8564D139139231BDCBFA492","SP",3536307,"2020",32.27,6.45,0,17.66,8.16,0,0,0,0,0,0,0,0,0,0,0,0,0
"10","SP-3536307-E76342C0AB1F47D29C1AC5568BE76819","SP",3536307,"2020",179.86,9.07,0,103.25,13.36,0,0,0,54.18,0,0,0,0,0,0,0,0,0
"11","SP-3536307-F5CDFF4EC2FB43FEA76AA177E901AA60","SP",3536307,"2020",169.92,22.58,2.6,69.34,71.44,0,0,2.86,0,0,0,0.67,0.42,0,0,0,0,0
"12","SP-3536604-B96E3840F46247E79C82046385452ADD","SP",3536604,"2020",33.62,0,0,0,2.56,0,0,0,30.94,0,0,0,0.12,0.01,0,0,0,0
"13","SP-3536703-223A1829E5A4411F885257F3629DF141","SP",3536703,"2020",28.73,7.47,0,12.95,3.41,0,0,0,4.91,0,0,0,0,0,0,0,0,0
"14","SP-3538105-0DAFF7B4ACCA455FAA177E7A94B8F269","SP",3538105,"2020",620.17,77.36,0,449.7,41.84,1.39,2.92,35.15,11.08,0,0,0,0.75,0,0,0,0,0
"15","SP-3538105-D4B13E2251B3446AA7B445237DF0CBCD","SP",3538105,"2020",219.02,20.49,0,182.73,8.11,0.5,0,7.19,0,0,0,0,0,0,0,0,0,0
"16","SP-3538907-4A6B17B442114916B860107C4F77527C","SP",3538907,"2020",89.15,5.17,0,64.64,11.55,0.74,0,1.92,0,0,0,0,5.13,0,0,0,0,0
"17","SP-3538907-8008D3921DFB41CFB9B89479B9A774D8","SP",3538907,"2020",358.83,45.69,0,0,11.94,0,0,15.47,0,0,0,0,285.73,0,0,0,0,0
"18","SP-3539608-1AE0BF2C83E34158B5C09EA38C1DFF3D","SP",3539608,"2020",373.08,12.87,0,322.73,25.62,0.11,0,6.08,0,0,0,0,3.62,0,1.67,0,0,0
"19","SP-3540309-455A2263AE1B4CEDBF18C9A8EF56FD37","SP",3540309,"2020",534.59,1.82,0,374.72,68.64,21.1,0,16.71,6.22,0,0,0,18.27,0,27.1,0,0,0
"20","SP-3540309-663984AC1E8A4B0F817BC2599BBF2DA4","SP",3540309,"2020",48.41,0,0,43.47,4.6,0,0,0,0,0,0,0,0.26,0,0.07,0,0,0
"21","SP-3540903-262EC6A45FFB45A8B306D5BB26DCAB02","SP",3540903,"2020",139.11,2.58,0,134.28,0.82,0,0,1.42,0,0,0,0,0,0,0,0,0,0
"22","SP-3540903-73F249DF772D472EA6E4054C889E3C37","SP",3540903,"2020",141.01,0,0,133.48,6.69,0.1,0,0,0,0,0,0,0,0,0,0.74,0,0
"23","SP-3540903-79CFF2423DFE491AADDFEBEBD58C253F","SP",3540903,"2020",6,0.63,0,4.24,1.14,0,0,0,0,0,0,0,0,0,0,0,0,0
"24","SP-3540903-8E5E9C97601D4B569130EEC00F292D1E","SP",3540903,"2020",26.02,0.07,0,25.62,0.33,0,0,0,0,0,0,0,0,0,0,0,0,0
"25","SP-3540903-B11929B3E6EA4E9696D1E205DB6984F0","SP",3540903,"2020",180.82,4.59,0,175.28,0.01,0.16,0,0.78,0,0,0,0,0,0,0,0,0,0
"26","SP-3540903-E33502A05729445AB39A789964C1ABA2","SP",3540903,"2020",18.45,0,0,18.44,0.01,0,0,0,0,0,0,0,0,0,0,0,0,0
"27","SP-3543402-1DA8730846C74686A4AB4FFFEDF102CA","SP",3543402,"2020",80.54,0,0,78.72,1.32,0,0,0,0.5,0,0,0,0,0,0,0,0,0
"28","SP-3543402-1F1F7808BB7942A7AC24E42F391C7A50","SP",3543402,"2020",478.33,45.49,0,390.67,29.34,2.53,0,10.28,0,0,0,0,0,0,0,0,0,0
"29","SP-3543402-42E69DAFD66A48F2A2C94EF340E96EAD","SP",3543402,"2020",119.24,4.09,0,101.77,3.4,0.71,0,9.27,0,0,0,0,0,0,0,0,0,0
"30","SP-3543402-4B9B41D5E4C44F83BCC3BF1C40A0AD09","SP",3543402,"2020",27.13,1.05,0,7.48,18.6,0,0,0,0,0,0,0,0,0,0,0,0,0
"31","SP-3543402-684F1290C16E47FD88B387C429B2804F","SP",3543402,"2020",532.15,133.77,0,294.02,100.23,0.65,0,0.04,0.26,0,0,0,1.3,0.96,0,0.92,0,0
"32","SP-3543402-EF060FEE30C44FDB89DE102EA19D6E60","SP",3543402,"2020",513.74,76.19,0,411.98,18.65,2.76,0,0.84,3.34,0,0,0,0,0,0,0,0,0
"33","SP-3543402-FB219CA4F6AA4588AF2B80E948058DBC","SP",3543402,"2020",175.08,38.81,0,122.95,11.1,0.85,0,0.12,0,0,0,0,1.25,0,0,0,0,0
"34","SP-3543709-3441624B211E459D97BC7E1C7FF2C66D","SP",3543709,"2020",204.83,8.39,0,120.6,21.52,0,0,13.15,41.17,0,0,0,0,0,0,0,0,0
"35","SP-3543709-67FEDFB442A74EFDAFED739AA5492A54","SP",3543709,"2020",828.78,10.89,0,664.99,25.02,2.1,0,7.82,116.73,0,0.28,0,0,0,0.77,0,0,0
"36","SP-3543709-895E9A4CA7AA45F787AB51BFD227F7E4","SP",3543709,"2020",5498.35,209.68,3.24,3986.2,453.16,7.76,0,739.48,78.17,0,0,0.67,4.97,0,7.33,7.02,0,0
"37","SP-3543709-F0021CE51CC64BE295FD0164556406B2","SP",3543709,"2020",83.4,0,0,78.43,4.8,0.17,0,0,0,0,0,0,0,0,0,0,0,0
"38","SP-3544202-1CC80758D5D14B37BA4FDB5607741084","SP",3544202,"2020",473.57,139.44,0,0.11,114.52,20.16,0,6.48,179.43,0,7.73,0,5.7,0,0,0,0,0
"39","SP-3544806-6B687EF4F1B84898BCDF0F4308F089C9","SP",3544806,"2020",1855.18,596.5,0,606.38,267.09,1.92,0,14.32,3.75,0,0,0,358.13,0,4.75,0,2,0
"40","SP-3545605-31C240CD9EEA4DB795EAF79257D3A555","SP",3545605,"2020",109.41,4,0,101.19,3.28,0.5,0,0.43,0,0,0,0,0,0,0,0,0,0
"41","SP-3545605-4B1327CD9F0048C8AF0EF7D758D0BF69","SP",3545605,"2020",119.52,5.59,0,109.77,2.75,0,0,0,1.42,0,0,0,0,0,0,0,0,0
"42","SP-3545605-744C3D0EC2614782AF597E510CD204D4","SP",3545605,"2020",37.6,0,0,37.37,0.23,0,0,0,0,0,0,0,0,0,0,0,0,0
"43","SP-3545605-FC224EA067B740748563093314CEEB53","SP",3545605,"2020",152.7,1.98,0,114.7,29.69,2.95,0,1.25,0,0,0,0,2.13,0,0,0,0,0
"44","SP-3546504-17316620B58E4D9A804E41102F4433F8","SP",3546504,"2020",35.45,0.52,0,33.1,1.73,0,0,0,0.09,0,0,0,0,0,0,0,0,0
"45","SP-3546504-6EB6A453EEE24B7985BC522A0F0E5263","SP",3546504,"2020",30.79,0,0,29.85,0.94,0,0,0,0,0,0,0,0,0,0,0,0,0
"46","SP-3546504-B94FB8D88D6B49C994D16BAB866E6567","SP",3546504,"2020",37.91,0,0,26.57,3.43,0,0,0,7.91,0,0,0,0,0,0,0,0,0
"47","SP-3546504-FFEDB04F349B452AAED6CDB1F18A0AD3","SP",3546504,"2020",19.53,0,0,19.44,0.09,0,0,0,0,0,0,0,0,0,0,0,0,0
"48","SP-3547502-55E0E2928C6042439DD9F30820431BAA","SP",3547502,"2020",138.8,5.67,0,106.25,26.38,0.5,0,0,0,0,0,0,0,0,0,0,0,0
"49","SP-3552601-C14D91A2A6E546A89928041173C30A01","SP",3552601,"2020",26.92,0.11,0,6.79,11.73,0,0,0,0,0,0,0,8.28,0,0,0,0,0
"50","SP-3552700-E4D0C8F26C234432A308F245268B367B","SP",3552700,"2020",22.41,1.59,0,14.57,4.86,0,0,0,0.01,0,0,0,1.38,0,0,0,0,0
"51","SP-3553203-7758C310E68943F68BFF6E34A3CC369B","SP",3553203,"2020",9.7,0,0,8.29,1.04,0,0,0.37,0,0,0,0,0,0,0,0,0,0
"52","SP-3553203-D7550D3273A445459C0CA1CC9F01DC82","SP",3553203,"2020",173.1,4.42,0,136.95,22.21,0,0,2.15,0,0,0,0,5.75,0,1.63,0,0,0
"53","SP-3553203-E702888E159D45FDB83877FF261E2B77","SP",3553203,"2020",131.93,11.45,0,112.93,7.56,0,0,0,0,0,0,0,0,0,0,0,0,0
"54","SP-3553401-37712E2C1B0E40B898C3E8FD406A0C5B","SP",3553401,"2020",95.82,20.52,0,48.61,11.7,0.48,0,1.38,10.19,0,0,0,2.93,0,0.02,0,0,0
"55","SP-3553401-B6EFB97DDA6649898BC55B296A3CB982","SP",3553401,"2020",736.97,65.97,0,511.41,128.5,0.37,0,3.43,0,0,0,0,27.28,0,0,0,0,0
"56","SP-3553401-C2F5B34A04294D2D8E414980BC2B2888","SP",3553401,"2020",295.87,50.47,0,177.4,31.42,0.41,0,25.02,3.36,0,0,0,7.8,0,0,0,0,0
"57","SP-3553708-0363D6D4AE3A4CF5834FC4B14EB2FD19","SP",3553708,"2020",21.42,0.62,0,15.25,2.48,0.2,0,2.86,0,0,0,0,0,0,0,0,0,0
"58","SP-3553708-03B5C2A8CCD847408C3652DFC08FBE62","SP",3553708,"2020",41.64,1.88,0,39.3,0.46,0,0,0,0,0,0,0,0,0,0,0,0,0
"59","SP-3553708-062438BB75E243F88F13F8CD61F84035","SP",3553708,"2020",26.09,0.71,0,18.94,5.76,0,0,0.67,0,0,0,0,0,0,0,0,0,0
"60","SP-3553708-072CF0C8240D4A7994DF49E41713C12B","SP",3553708,"2020",46.21,4.59,0,41.6,0.02,0,0,0,0,0,0,0,0,0,0,0,0,0
"61","SP-3553708-07B0F70D204C4F5CAF94D3D3A65B80DC","SP",3553708,"2020",12.52,0,0,7.85,4.67,0,0,0,0,0,0,0,0,0,0,0,0,0
"62","SP-3553708-0858FA9FDFB0409EA92DDE3863FA14D1","SP",3553708,"2020",52.44,8.44,0,41.25,2.27,0,0,0.47,0,0,0,0,0,0,0,0,0,0
"63","SP-3553708-08989150066A43F0A2B153E45E9CB678","SP",3553708,"2020",17.07,2.33,0,12.82,1.92,0,0,0,0,0,0,0,0,0,0,0,0,0
"64","SP-3553708-08F4112E61274728B7E28D4DD2C492B7","SP",3553708,"2020",148.88,19.5,0,111.76,10.43,0.42,0,2.78,3.99,0,0,0,0,0,0,0,0,0
"65","SP-3553708-091EAB10770A48328E6C7B9AA8156DF2","SP",3553708,"2020",30.34,0.02,0,24.67,2.34,0.53,0,2.79,0,0,0,0,0,0,0,0,0,0
"66","SP-3553708-0A9DF8059DA24D809F05F551C8381534","SP",3553708,"2020",37.86,2.62,0,10.74,24.5,0,0,0,0,0,0,0,0,0,0,0,0,0
"67","SP-3553708-0B8611F8492B4FBE9F4919FD2B4CCCFB","SP",3553708,"2020",113.32,5.24,0,101.54,5.95,0.27,0,0.16,0,0,0,0,0,0,0.16,0,0,0
"68","SP-3553708-0CD642AFEAB8483FA6531F2D4F185ED8","SP",3553708,"2020",230.59,33.54,0,175.16,20.12,0.32,0,1.43,0.02,0,0,0,0,0,0,0,0,0
"69","SP-3553708-0D4F4186682E4B17BB2F3FFFDF818E8D","SP",3553708,"2020",45.05,0.72,0,17.6,17.6,0,0,0,8.96,0,0,0,0,0.17,0,0,0,0
"70","SP-3553708-144DADAAEE994AFA80B69844A8BA9D76","SP",3553708,"2020",7.21,0,0,6.58,0.63,0,0,0,0,0,0,0,0,0,0,0,0,0
"71","SP-3553708-1FF6E8317DC84083AB0B4FADBF078A89","SP",3553708,"2020",51.37,1.92,0,0,42.79,0,0,0,0,0,0,0,4.08,0,0,0,2.58,0
"72","SP-3553708-2363162A99F549EB95F8BDA41D6C4C41","SP",3553708,"2020",48.15,2.51,0,42.04,3.6,0,0,0,0,0,0,0,0,0,0,0,0,0
"73","SP-3553708-26DB381602EF46B78D04BDCED4CCF582","SP",3553708,"2020",44.56,0,0,43.15,1.4,0,0,0,0,0,0,0,0,0,0,0,0,0
"74","SP-3553708-27B4910CA6074CA387637A8086A4B195","SP",3553708,"2020",39.85,0,0,36.24,3.61,0,0,0,0,0,0,0,0,0,0,0,0,0
"75","SP-3553708-2847AE9800F147A58CC6658A2275C5A5","SP",3553708,"2020",133.13,20.93,0,89.92,20.13,0.92,0,0.99,0.23,0,0,0,0,0,0,0,0,0
"76","SP-3553708-303FC9048EC44024BAF59200A6A2AA07","SP",3553708,"2020",28.15,3.3,0,0.21,23.89,0,0,0,0,0,0,0,0,0,0,0,0.75,0
"77","SP-3553708-3231B91193B3460C979D63AF8CABCC5A","SP",3553708,"2020",48.18,6.17,0,33.65,8.36,0,0,0,0,0,0,0,0,0,0,0,0,0
"78","SP-3553708-3A1DE70ECFE64191B6D4A8D8C9026536","SP",3553708,"2020",59.09,7.94,0,36.62,12.01,0,0,0,2.53,0,0,0,0,0,0,0,0,0
"79","SP-3553708-3CB6F6CB2CC74B658B8220A88406C647","SP",3553708,"2020",30.69,2.63,0,7.32,18.05,0,0,2.35,0,0,0,0,0.33,0,0,0,0,0
"80","SP-3553708-3F8DFC2C49614B768D2A3D8021299A0C","SP",3553708,"2020",19.87,0.34,0,16.9,2.49,0,0,0.15,0,0,0,0,0,0,0,0,0,0
"81","SP-3553708-4389915C37424AF6A21D3FBF1B6D2D40","SP",3553708,"2020",44.45,0,0,43.99,0.46,0,0,0,0,0,0,0,0,0,0,0,0,0
"82","SP-3553708-46CEAA409E334438AF72207E838E8D6E","SP",3553708,"2020",13.26,2.78,0,0.01,10.48,0,0,0,0,0,0,0,0,0,0,0,0,0
"83","SP-3553708-46D3951E4B6B4BC28D0C86ADB71FBBD5","SP",3553708,"2020",17.62,2.35,0,14.8,0.45,0,0,0.02,0,0,0,0,0,0,0,0,0,0
"84","SP-3553708-49A3269AAE35408995F4486D1409FA51","SP",3553708,"2020",31.71,0,0,25.84,2.71,0,0,0,3.16,0,0,0,0,0,0,0,0,0
"85","SP-3553708-4D4F4BD089884FD8A4758EBA38D34892","SP",3553708,"2020",25.28,1.84,0,0.44,22.01,0,0,1,0,0,0,0,0,0,0,0,0,0
"86","SP-3553708-522501587CD0421493464ECA36E4D84A","SP",3553708,"2020",222.63,4.77,0,187.34,21.47,1.58,0,2.36,3.16,0,0,0,0,0,1.08,0.87,0,0
"87","SP-3553708-57B0C9FFD15243E1AE7E4E422B59A16E","SP",3553708,"2020",55.4,1.44,0,51.02,1.68,0,0,1.26,0,0,0,0,0,0,0,0,0,0
"88","SP-3553708-5DC28721E7B04CEBB4175DC5087BF35C","SP",3553708,"2020",74.1,5.61,0,50.86,10.28,0,0,0,1.08,0,0,0,6.27,0,0,0,0,0
"89","SP-3553708-5E108273477444EF9128DBEC6D97197D","SP",3553708,"2020",91.96,2.05,0,50.9,29.35,0,0,0,5.07,0,0,0,4.59,0,0,0,0,0
"90","SP-3553708-5F2E87B8ABE847618C1AF8E982479ED6","SP",3553708,"2020",51.87,2.12,0,46.59,3.16,0,0,0,0,0,0,0,0,0,0,0,0,0
"91","SP-3553708-625354A6D1C147BBAA351A2653D2A5C3","SP",3553708,"2020",44.76,4.64,0,0,36.76,0,0,0,0,0,0,0,3.36,0,0,0,0,0
"92","SP-3553708-63B9D7B6A988411A8A8F3BA1744F0F60","SP",3553708,"2020",55.53,0,0,46.26,4.78,0,0,0,4.49,0,0,0,0,0,0,0,0,0
"93","SP-3553708-641F8D880A6B4EE6B9640F07EEC9E7BB","SP",3553708,"2020",68.07,3.85,0,54.57,7.65,0.06,0,1.67,0.24,0,0,0,0.02,0,0,0,0,0
"94","SP-3553708-698776D9448F42078AAEB1C6B3D2504A","SP",3553708,"2020",99.46,12.46,0,13.58,73.42,0,0,0,0,0,0,0,0,0,0,0,0,0
"95","SP-3553708-698EB422A8304A3BBB200E882CD4E989","SP",3553708,"2020",26.62,3.02,0,19.46,3.52,0.01,0,0.62,0,0,0,0,0,0,0,0,0,0
"96","SP-3553708-6B4E5206FDA74D9CBFA961CFF31B2F04","SP",3553708,"2020",41.63,0.05,0,41.22,0.36,0,0,0,0,0,0,0,0,0,0,0,0,0
"97","SP-3553708-6E81B98218E0424585F91CBD1C2640B7","SP",3553708,"2020",111.59,24.69,0,65.02,18.71,0,0,0,2.59,0,0,0,0.58,0,0,0,0,0
"98","SP-3553708-717729B507BA42D2BEF1919C06A84931","SP",3553708,"2020",40.88,3.47,0,0.58,23.75,9.08,0,0,3.17,0,0,0,0.83,0,0,0,0,0
"99","SP-3553708-75EB43DF11594E7A96F4561A8FDDABB7","SP",3553708,"2020",281.97,24.47,0,201.46,47.11,0,0,3.93,4.09,0,0,0,0.92,0,0,0,0,0
"100","SP-3553708-7653BD924236459B8C47BC58F98EFCE5","SP",3553708,"2020",56.4,21.23,0,29.09,6.08,0,0,0,0,0,0,0,0,0,0,0,0,0
"101","SP-3553708-76A7B4F9D99549C78E7AC67B53BB2B3C","SP",3553708,"2020",15.9,1.4,0,12.65,1.84,0,0,0,0,0,0,0,0,0,0,0,0,0
"102","SP-3553708-7AFAC93FC67E4174A523FD5E935CEACA","SP",3553708,"2020",53.79,2.77,0,45.59,3.71,0,0,0.64,1.08,0,0,0,0,0,0,0,0,0
"103","SP-3553708-7D52337EDE6547CCBB4D3C1265DACB2A","SP",3553708,"2020",128.16,17.66,0,88.04,17.46,1.17,0,0,0.58,3.25,0,0,0,0,0,0,0,0
"104","SP-3553708-7FE74DBE05434D2AAC66BB501684048D","SP",3553708,"2020",25.61,0.57,0,17.35,6.7,0,0,0,1,0,0,0,0,0,0,0,0,0
"105","SP-3553708-8AD9E86E75D84315AE9FED048812FC8B","SP",3553708,"2020",27.37,8.16,0,15.67,3.2,0,0,0.34,0,0,0,0,0,0,0,0,0,0
"106","SP-3553708-91969BC01A48412787C2C5625EEB6D11","SP",3553708,"2020",42.26,2.1,0,39.18,0.98,0,0,0,0,0,0,0,0,0,0,0.01,0,0
"107","SP-3553708-92A63A0F23334E10B312AEA000572D36","SP",3553708,"2020",65.86,6.81,0,28.68,19.43,0.01,0,0,10.84,0,0,0,0.09,0,0,0,0,0
"108","SP-3553708-943E0C267F964F54AADC0BC1416CFC51","SP",3553708,"2020",227.16,4.58,0,193.09,28.15,0.01,0,1.33,0,0,0,0,0,0,0,0,0,0
"109","SP-3553708-9532B608710B440F82A6945FB640B3C8","SP",3553708,"2020",113.68,3.61,0,91.81,11.13,2.58,0,0.55,2.17,0,0,0,1.83,0,0,0,0,0
"110","SP-3553708-956D327273BE4502890E643A62057863","SP",3553708,"2020",106.77,0.17,0,87.12,17.3,0.23,0,0.85,0.36,0,0,0,0.75,0,0,0,0,0
"111","SP-3553708-961C4C023C78407B9A4EE1ABFB57BAB0","SP",3553708,"2020",27.04,1,0,25.04,1,0,0,0,0,0,0,0,0,0,0,0,0,0
"112","SP-3553708-9DC8985142A648019A6BDC3360DAAFC4","SP",3553708,"2020",27.81,0.96,0,22.54,2.06,0,0,0,2.25,0,0,0,0,0,0,0,0,0
"113","SP-3553708-9E3FDF045ABD4CB9A9071E2DD3FE81D5","SP",3553708,"2020",133.88,17.95,0,95.34,18.24,0,0,0.83,0,0,0,0,1.5,0,0,0.01,0,0
"114","SP-3553708-9F44D94F5C9C43FF95D95829823A8659","SP",3553708,"2020",12.09,0.31,0,11.31,0.47,0,0,0,0,0,0,0,0,0,0,0,0,0
"115","SP-3553708-A30BD8178E844312998C630E9F4D1A30","SP",3553708,"2020",29.76,4.61,0,6.78,18.37,0,0,0,0,0,0,0,0,0,0,0,0,0
"116","SP-3553708-A5F673725E0E431C9E43B22FEB045E2C","SP",3553708,"2020",55.91,3.47,0,45.17,7.12,0,0,0.15,0,0,0,0,0,0,0,0,0,0
"117","SP-3553708-A683C1419B744985B282D80959EA1326","SP",3553708,"2020",73.47,2.5,0,64.4,3.74,0,0,0,2.83,0,0,0,0,0,0,0,0,0
"118","SP-3553708-A6B57DD155A84AA5819D41E870D13D1A","SP",3553708,"2020",28.37,0.3,0,15.65,10.76,0,0,1.17,0,0.5,0,0,0,0,0,0,0,0
"119","SP-3553708-A9D6B4F756BB45919EA7C9756FFB254D","SP",3553708,"2020",34.5,0.42,0,33.21,0.87,0,0,0,0,0,0,0,0,0,0,0,0,0
"120","SP-3553708-AA34AC59851D4B71BE2127B0FDFAF724","SP",3553708,"2020",34.28,0,0,34.25,0.03,0,0,0,0,0,0,0,0,0,0,0,0,0
"121","SP-3553708-AA3E7655C01A41699C9164A87DD1644A","SP",3553708,"2020",43.32,4,0,30.08,9.22,0,0,0,0,0,0,0,0.02,0,0,0,0,0
"122","SP-3553708-AEB716FA958445A28AEED88BC5A58BC7","SP",3553708,"2020",65.96,3.14,0,54.56,8.08,0.18,0,0,0,0,0,0,0,0,0,0,0,0
"123","SP-3553708-AFDBC8C90F67414281CCC0A811177C53","SP",3553708,"2020",24.17,3.99,0,16.32,1.67,0.92,0,0.53,0,0,0,0,0,0,0,0,0.75,0
"124","SP-3553708-B293A84CD7214658B7E556112DD90B1C","SP",3553708,"2020",20.34,0,0,20.34,0,0,0,0,0,0,0,0,0,0,0,0,0,0
"125","SP-3553708-B30E6113597D48EA8EBCA56924CD630C","SP",3553708,"2020",75.77,5.72,0,0.92,69.12,0,0,0,0,0,0,0,0,0,0,0,0,0
"126","SP-3553708-B3B40607D9EC47B39A585035D516A560","SP",3553708,"2020",172.34,8.63,0,91.73,67.39,0,0,1.34,0,0,0,0,0,3.24,0,0,0,0
"127","SP-3553708-B6CB9C346B1A49769E52BC44C7D921DD","SP",3553708,"2020",113.32,7.06,0,94.18,11.43,0.65,0,0,0,0,0,0,0,0,0,0,0,0
"128","SP-3553708-BD3F48A4FBFE4C488F6022B9C36F7DC1","SP",3553708,"2020",50.87,0.4,0,39.46,11.01,0,0,0,0,0,0,0,0,0,0,0,0,0
"129","SP-3553708-BDC82F5FA22145A5B94E45D353001570","SP",3553708,"2020",40.43,0,0,39.89,0.54,0,0,0,0,0,0,0,0,0,0,0,0,0
"130","SP-3553708-C06CE73F827F49D9ABD386A80BD37FAC","SP",3553708,"2020",192.69,12.88,0,150.07,27.39,0.35,0,0.67,0.8,0,0,0,0,0.02,0,0.52,0,0
"131","SP-3553708-C19DAF28E878458584873AECBAB95F92","SP",3553708,"2020",47.11,0.91,0,41.78,1.28,0.44,0,2.69,0,0,0,0,0,0,0,0,0,0
"132","SP-3553708-C43168C278EE4E5588BFE11627AA1D22","SP",3553708,"2020",251.22,12.89,0,121.96,86.45,0.11,0,4.5,17.66,0,0,0,7.25,0,0,0.38,0,0
"133","SP-3553708-CEA2E53369BC456C8C2A5FEE5AC464BC","SP",3553708,"2020",28.34,1.96,0,12.88,13.47,0,0,0.04,0,0,0,0,0,0,0,0,0,0
"134","SP-3553708-CEBE99BFF56943DF85D47B4BCC07F697","SP",3553708,"2020",24.22,1.68,0,18.76,1.24,0.08,0,2.41,0.04,0,0,0,0,0,0,0,0,0
"135","SP-3553708-D4F14A2FF6DA42EA9E15D59F8F57B6A4","SP",3553708,"2020",39.44,3.95,0,33.77,1.72,0,0,0,0,0,0,0,0,0,0,0,0,0
"136","SP-3553708-DD040990589F4502BE55DF4E30B3EFCF","SP",3553708,"2020",23.38,0,0,1.35,11.97,7.3,0,0,0,0,0,0,2.33,0,0,0,0.42,0
"137","SP-3553708-DFEE19EE1DAB4088ABE7B5C886ECF753","SP",3553708,"2020",19.44,0.02,0,15.79,3.63,0,0,0,0,0,0,0,0,0,0,0,0,0
"138","SP-3553708-E50C78E75E524B3AA2C6066AC4FE482F","SP",3553708,"2020",58.18,1.1,0,53.43,3.43,0.22,0,0,0,0,0,0,0,0,0,0,0,0
"139","SP-3553708-E51EA7DD08D546399EF2AE3287C4ACD3","SP",3553708,"2020",54.8,0.61,0,49.06,5.13,0,0,0,0,0,0,0,0,0,0,0,0,0
"140","SP-3553708-E54198ADCEB64A4189267DD5B6CA322A","SP",3553708,"2020",19.24,0,0,18.52,0.72,0,0,0,0,0,0,0,0,0,0,0,0,0
"141","SP-3553708-EB64F2865C5B4374A77FE31919A96F49","SP",3553708,"2020",54.38,2.05,0,50.29,1.87,0.18,0,0,0,0,0,0,0,0,0,0,0,0
"142","SP-3553708-EB6C39204B8F4DB4BCCD5DCE766FCB3B","SP",3553708,"2020",50.79,0.7,0,42.06,8.03,0,0,0,0,0,0,0,0,0,0,0,0,0
"143","SP-3553708-EF3B18233C9A4112B4F031A678496534","SP",3553708,"2020",54.82,3.4,0,26.61,19.71,0,0,0,2.02,0,0,0,3.08,0,0,0,0,0
"144","SP-3553708-F44CB3E2257C41FB909819F720608FC9","SP",3553708,"2020",54.5,3.67,0,47.86,2.95,0,0,0,0.02,0,0,0,0,0,0,0,0,0
"145","SP-3553708-F4D32E294B944997B70D4C734994593A","SP",3553708,"2020",129.76,11.46,0,96.1,22.17,0,0,0,0,0,0,0,0.03,0,0,0,0,0
"146","SP-3553708-F66AFE8DED1D495281CD611D7A4191FB","SP",3553708,"2020",4.84,0,0,0.02,4.82,0,0,0,0,0,0,0,0,0,0,0,0,0
"147","SP-3553708-FE3919987A7A436C95E6C23B8AE037DD","SP",3553708,"2020",44.32,1.73,0,40.61,1.47,0.5,0,0,0,0,0,0,0.01,0,0,0,0,0
"148","SP-3553708-FFFE9118EBBD4F838D6AEE02707824AE","SP",3553708,"2020",132.83,3.91,0,118.53,9.57,0,0,0.82,0,0,0,0,0,0,0,0,0,0
"149","SP-3556008-A53216A319964487A9B7471523E5217F","SP",3556008,"2020",16.17,0.01,0,6.25,9.65,0.05,0,0,0,0,0,0,0.22,0,0,0,0,0
"150","SP-3557154-EE2C84FCECCC48998C41E3B2BF9AFF3F","SP",3557154,"2020",15.23,0,0,14.67,0.55,0,0,0,0,0,0,0,0.01,0,0,0,0,0
"151","TO-1712504-BA4B20453B724A6CB140709E4C6EC872","TO",1712504,"2020",1342.75,185.49,199.95,0,35.35,2.65,0,25.79,1.06,0,0,1.23,890.63,0,0,0.62,0,0
"152","GO-5203500-5FD270C3D0964A1687EE9229900C5B32","GO",5203500,"2020",62.94,0,0,56.74,3.6,1.19,0,0,0.21,0,0,0,1.19,0,0,0,0,0
"153","MG-3111101-37DDE24C831A4ECAB7F1B42EFB304E64","MG",3111101,"2020",479.78,23.05,26.19,0,48.38,0,0,6.74,0,0,0,0,375.31,0,0,0.1,0,0
"154","MG-3127008-19E5ECA12A5F4A63A79E9F3BB0A174AC","MG",3127008,"2020",464.86,35.84,0,238.6,81.55,6.64,0,10.38,86.87,0,0,0,4.06,0,0.92,0,0,0
"155","MG-3127008-27159D2D7D6B4CC4908FD9474BD226CC","MG",3127008,"2020",108.61,2.52,0,0.01,78.02,0,0,2.02,0.92,0,0,0,24.56,0,0.56,0,0,0
"156","MG-3127008-5792C74FEADF4235ABCFC4F5FFAC56CC","MG",3127008,"2020",107.39,0,0,79.33,10.88,0,0,15.47,0,0,0,0,1.71,0,0,0,0,0
"157","MG-3127008-869F6ED85DC44EBBB187EA2F57A29293","MG",3127008,"2020",24.24,0,0,21.14,2.52,0,0,0,0,0,0,0,0.58,0,0,0,0,0
"158","MG-3127008-FB0EDE3FF1E043CE8AC4A52A330C901D","MG",3127008,"2020",89.4,3.02,0,20,49.24,0.92,0,9.94,0,0,0,0,1.77,0,4.5,0,0,0
"159","MG-3127107-023C43B1C60F4527A0FC38D94AA999C6","MG",3127107,"2020",66.51,0.63,0,0.01,61.49,0,0,0.7,0,0,0,0,3.67,0,0,0,0,0
"160","MG-3127107-039D91EAE0BD4C4BAEB19F0EC7940BB3","MG",3127107,"2020",296.58,3.66,2.96,164.87,100.29,6.07,0,3.01,15.43,0,0,0,0.18,0,0,0.12,0,0
"161","MG-3127107-1DDFCE8C3B584A109AC6CDB0B9B19168","MG",3127107,"2020",222.07,8.4,0,26.39,42.88,0,0,4.36,90.19,0,0,0,49.86,0,0,0,0,0
"162","MG-3127107-2C161535668C438EA44802670930F54C","MG",3127107,"2020",72.32,1.89,0,59.73,6.46,0,0,1.51,2.15,0,0,0,0.57,0,0,0,0,0
"163","MG-3127107-35CA20ACBAEE40C0918655CA7A462B92","MG",3127107,"2020",119.36,3.39,0,100.58,4.34,0,0,1.41,0,0,0,0,9.64,0,0,0,0,0
"164","MG-3127107-37B970FC7DA544639AB9B6BBD6EC91AC","MG",3127107,"2020",53.29,0,0,49.36,3.3,0,0,0,0,0,0,0,0.63,0,0,0,0,0
"165","MG-3127107-394138E76EE14B01BD7D04F557F2448A","MG",3127107,"2020",222.04,7.21,0,76.34,28.97,4.29,0,8.81,5.04,0,0,0,91.01,0,0.37,0,0,0
"166","MG-3127107-3AEB7E1F8142413A9E106835194667E3","MG",3127107,"2020",341.28,49.71,0,132.85,62.85,0,0,8.61,58.13,0,0,0,28.29,0,0.84,0,0,0
"167","MG-3127107-637632409F504878BFC7006FA10BA77C","MG",3127107,"2020",38.56,0,0,32.11,6.44,0,0,0,0,0,0,0,0,0,0,0,0,0
"168","MG-3127107-80D89C140EA64915B686ED6E6B145CC4","MG",3127107,"2020",102.43,2.25,0,66.56,25.27,0.76,0,5.62,0,0,0,0,1.3,0,0.67,0,0,0
"169","MG-3127107-9440F00DE058412093DBC1B6DB89036E","MG",3127107,"2020",269.79,10.12,0,200.37,29.48,0.59,0,10.27,0.14,0.1,0,0,18.73,0,0,0,0,0
"170","MG-3127107-990FD886189249C39FA4DA0ECF3BB684","MG",3127107,"2020",63.28,2.49,0.92,45.81,6.48,0,0,0,7.4,0,0,0,0.18,0,0,0,0,0
"171","MG-3127107-B6DB231AFFF4456E97DF8A6D3432909A","MG",3127107,"2020",124.19,0.95,0,89.97,11.29,0,0,0.52,0,0,0,0,21.47,0,0,0,0,0
"172","MG-3127107-DAE29DFF6AF4457B9077CABF09235C3E","MG",3127107,"2020",26.91,2.94,0,19.86,4.12,0,0,0,0,0,0,0,0,0,0,0,0,0
"173","MG-3127107-E2E767958AB34C46B53CDBF3DBEA02D3","MG",3127107,"2020",220.33,14.66,0,167.69,21.3,0.5,0,11.23,0,0,0,0,4.28,0,0.67,0,0,0
"174","MG-3127107-ECB798451542454B9945B283FD4AA76D","MG",3127107,"2020",316.86,11.59,0,148.69,52.62,0,0,39.98,61.86,0,0,0,2.11,0,0,0,0,0
"175","MG-3127107-FD4C40906A624CB7935880585B101775","MG",3127107,"2020",30.26,2.73,0,18.38,4.18,0.5,0,0,0,0,0,0,4.47,0,0,0,0,0
"176","MG-3129103-8C639A2EDE0D4B96B4022FB0CCD7AB69","MG",3129103,"2020",366.41,8.93,15.56,0.23,80.47,23.52,0,16.96,0,0,0,0,218.21,0,2.54,0,0,0
"177","MG-3132909-A80E8FBCD20F4606B99AF4CE0C4C5377","MG",3132909,"2020",63.57,2.02,0,0,61.48,0,0,0,0,0.07,0,0,0,0,0,0,0,0
"178","MG-3133402-218B4C0ED8374D86BC99F675F98739B6","MG",3133402,"2020",591.48,95.5,8.36,292.82,61.79,0.24,0,19.43,100.31,0,0,0,13.03,0,0,0,0,0
"179","MG-3133402-4AE73362BD4A4D7EBCCBC18696D7A50A","MG",3133402,"2020",269.84,19.4,9.23,0,37.67,0,0,11.97,0,0,0,0,191.58,0,0,0,0,0
"180","MG-3133402-9D27D72BBE794B3B99EA4791A487744C","MG",3133402,"2020",229.95,21.29,0,0.01,10.4,0,0,1.07,0,0,0,0,197.18,0,0,0,0,0
"181","MG-3133402-A7BACB394ED7406F8112E31BFFD8F94F","MG",3133402,"2020",560.24,70.15,1.63,8.01,77.48,6.99,0,10.5,0,0,0,0,384.29,0,1.18,0,0,0
"182","MG-3133402-E4FA1EE74E9647E68D6ED7D7C9679F5C","MG",3133402,"2020",149.15,17.83,0,6.62,122.46,0,0,1.73,0,0,0,0,0.51,0,0,0,0,0
"183","MG-3134202-97522C552B144E5E98B604F8C656DCB3","MG",3134202,"2020",119.4,15.11,21.96,0.28,45.65,0,0,1.88,0,0,0,0,34.52,0,0,0,0,0
"184","MG-3134202-D739BEDB3C2D4750A08C8D0F72CD35ED","MG",3134202,"2020",152.94,1.86,6.46,0.23,65.74,0.85,0,3.94,0.09,0,0,0,73.77,0,0,0,0,0
"185","MG-3134202-FAB2505E01994ED684E984E35D7C51A4","MG",3134202,"2020",146.82,9.34,4.87,0,70.48,0,0,2.73,0.07,0,0,0,59.11,0,0.23,0,0,0
"186","MG-3134400-69B42D8CB67B45E9B4823C5ECA828662","MG",3134400,"2020",1226.61,15.8,12.59,18.03,123.91,0,0,46.37,0,0,0,0,1009.23,0,0.67,0,0,0
"187","MG-3134400-A60B4300EC284D4CB1996F82616ACB95","MG",3134400,"2020",95.93,1.35,0.22,62.36,11.9,0,0,1.18,0,0,0,0,18.92,0,0,0,0,0
"188","MG-3134400-E8C6AD63D2DE4131841BDA48263B236F","MG",3134400,"2020",339.45,1.65,0,130.98,29.1,0,0,0.51,0,0,0,0,177.22,0,0,0,0,0
"189","MG-3138625-14CF79F3BE354C9F87D3E5D9F35D377C","MG",3138625,"2020",34.29,0,0,24.71,7.95,0,0,0,0,0,0,0,1.63,0,0,0,0,0
"190","MG-3138625-435A0E7834F44F1FA85C0A100E360916","MG",3138625,"2020",177.01,1.91,0,51.62,94.09,20.75,0,3.46,0,0,0,0.42,4.76,0,0,0,0,0
"191","MG-3138625-C8C4F0706BF545468EB8FFC67E5D6D07","MG",3138625,"2020",276.25,29.76,18.34,155.01,59.85,0,0,3.32,0,0,0,0,9.98,0,0,0,0,0
"192","MG-3138625-CC66CFD271BD46E5BCFB3210DCE80691","MG",3138625,"2020",101.13,0,0,78.29,4.58,0,0,0.47,13.28,0,0,0,4.5,0,0,0,0,0
"193","MG-3138625-D0FBDC75DB9A434C8D3D451A725B08F5","MG",3138625,"2020",190.77,4.35,0,0,106.21,0,0,9.79,0,0,0,0.84,68.73,0,0.84,0,0,0
"194","MG-3138625-E29D421543904F418837B39DDC1237C1","MG",3138625,"2020",194.79,21.3,0,128.25,21.98,1.01,0,1.27,0,0,0,0,20.99,0,0,0,0,0
"195","MG-3138625-EB87A49230484B798FF484B1FF6A4200","MG",3138625,"2020",212.22,0.2,3.23,168.05,12.54,0,0,2.07,0.01,0,0,0,26.1,0,0,0,0,0
"196","MG-3138625-ED438DEC29B9481C8CFD5E198F7B0A2A","MG",3138625,"2020",535.86,0.06,0,0.58,206.33,3.21,0,2.66,2.17,0,0,0,320.86,0,0,0,0,0
"197","MG-3138625-F57C6628922A4F53ABA3EB292E20A6D7","MG",3138625,"2020",118.55,11.23,0,67.4,9.18,0,0,7.77,0,0,0,0,22.97,0,0,0,0,0
"198","MG-3143203-CB84F26CBF38488E9B9EA4C591B09BE6","MG",3143203,"2020",15.28,0.78,0,0,5.24,0,0,0,0,0,0,0,9.26,0,0,0,0,0
"199","MG-3161304-F85468E766154525A8453EF6D9FE3780","MG",3161304,"2020",54.58,0.22,0,0,3.37,0,0,5.25,0,0,0,0,45.75,0,0,0,0,0
"200","MG-3165107-35FB087C3923403981C4533DCC43CCBB","MG",3165107,"2020",155.9,13.78,0,0,68,0,0,0,0,17.67,7.29,0,48.85,0,0.3,0,0,0
"201","MG-3165107-51BFE4A5B7DE4B3F8ECD879B713D209A","MG",3165107,"2020",408.72,38.38,0,102.99,140.22,0.03,0,0,3.18,0,0,0,123.93,0,0,0,0,0
"202","MG-3165107-76C7008B328042309A89F26F789DD095","MG",3165107,"2020",1450.75,145.98,0,17.1,770.53,58.73,0,0,101.04,76.04,159.3,1.51,118.02,0,0.75,1.76,0,0
"203","MS-5002902-F408AABD6F3F4837B1E38BEB0634A1CC","MS",5002902,"2020",1172.1,115.3,1.97,0,57.53,0,0,58.51,0,0,0,0,938.79,0,0,0,0,0
"204","MS-5005707-F14A9238D7F640DDA8BA7FDBFF61FFFB","MS",5005707,"2020",3628.33,48.82,0,0,114.82,102.24,4.21,297.73,1901.07,0,0,0,1153.14,0,5.57,0.55,0,0
"205","MS-5007406-8D3BA34EACF94CCCB7284963B1FE1A26","MS",5007406,"2020",2331.32,443.91,177.89,0,223.02,0,0,6.07,0,0,0,0,1476.89,0,0,3.08,0,0.46
"206","SP-3501004-45596C4A82BB4DFE94A697AAD843B319","SP",3501004,"2020",110.92,2.43,0,104.14,2.23,0.2,0,0,1.92,0,0,0,0,0,0,0,0,0
"207","SP-3501004-F18C5AE153D84462A4784E0C0555EC83","SP",3501004,"2020",135.6,50.38,0,4.11,67.55,0,0,0,13.22,0,0.27,0,0.07,0,0,0,0,0
"208","SP-3501707-B2ED87DB14844743B722F929E4CEA2E7","SP",3501707,"2020",1690.47,45.32,0,1487.94,149.72,0.05,0,6.64,0,0,0,0,0.02,0.77,0,0,0,0
"209","SP-3503208-1C0244E0088B4284B9F0FBCB36128AF7","SP",3503208,"2020",54.66,0,0,47.04,6.32,0.01,0,0.79,0,0,0,0,0.5,0,0,0,0,0
"210","SP-3503208-287FBE5BAAD44905B7DCBBFBBDFE04C7","SP",3503208,"2020",31.97,0.31,0,0.06,23.19,0.26,0,1.01,7.15,0,0,0,0,0,0,0,0,0
"211","SP-3503208-3DFC0A34B4F8483AAE28367E2FECDA63","SP",3503208,"2020",103.07,0.58,0,75.91,8.66,0,0,9.45,7.22,0,0,0,0,0,1.25,0,0,0
"212","SP-3503208-465915E18C4940B4842D2476CA3E6E49","SP",3503208,"2020",48.45,4.64,0,28.53,10.06,0,0,0.69,4.55,0,0,0,0,0,0,0,0,0
"213","SP-3503208-6484191647DD4DD4ADC439A286968CF6","SP",3503208,"2020",39.8,0,0,25.17,9.62,2.91,0,1.35,0.08,0,0,0,0,0,0,0.67,0,0
"214","SP-3503208-882E576E5E32403BB5925FCCFD66E04A","SP",3503208,"2020",24.37,0,0,18.18,5.66,0.08,0,0.44,0,0,0,0,0,0,0,0,0,0
"215","SP-3503208-A287FFAF8AB2407C89A3BF512820FD30","SP",3503208,"2020",29.58,0,0,22.95,5.06,0,0,1.57,0,0,0,0,0,0,0,0,0,0
"216","SP-3503208-C75616B7833E4963B2FE16DC4AE895EA","SP",3503208,"2020",219.95,5.9,0,197.58,12.42,0,0,4.05,0,0,0,0,0,0,0,0,0,0
"217","SP-3505500-086D12B4474F4D0C90B881E850AD68A8","SP",3505500,"2020",90.56,2.63,0,74.82,10.71,0.59,0,1.81,0,0,0,0,0,0,0,0,0,0
"218","SP-3505500-EFAAA115048748AF96F3DA7516D8CBCB","SP",3505500,"2020",302.45,3.73,0,276.09,18.9,1.34,0,0.61,1.01,0,0,0,0.2,0,0,0.59,0,0
"219","SP-3505609-7A1BD2D0BCC648AFACDFE6419EEB8BA2","SP",3505609,"2020",93.85,0,0,92.97,0,0.11,0,0,0,0,0,0,0,0,0,0.77,0,0
"220","SP-3505609-DBB12C3C0B98414C9B581A1C1C19CA3B","SP",3505609,"2020",121.02,3.54,0,91.98,9.42,0.75,0,13.45,0,0,0,0,0,0,0.48,1.17,0,0
"221","SP-3505609-E1A757307CC44C67AB8BAEC0ACFA5A18","SP",3505609,"2020",74.23,0,0,73.52,0.36,0,0,0,0,0,0,0,0,0,0,0.35,0,0
"222","SP-3505906-128E94E0246E4C759C90B5E8A60D054E","SP",3505906,"2020",57.18,0.29,0,56.79,0.1,0,0,0,0,0,0,0,0,0,0,0,0,0
"223","SP-3505906-3498352E07994602901825B26F8E8B25","SP",3505906,"2020",41.14,1.79,0,39,0,0.29,0,0.06,0,0,0,0,0,0,0,0,0,0
"224","SP-3505906-63FB67437A734824B70D2A418CA4D7B1","SP",3505906,"2020",1321.58,260.03,0,371.71,394.43,17.21,0,16.33,251.81,0.02,0,0,8.2,0,0,0,1.84,0
"225","SP-3505906-A3CDA7D9C4D747B693FF043A3280ABEC","SP",3505906,"2020",170.58,28.56,0,113.42,25.48,0,0,0.27,2.84,0,0,0,0,0,0,0,0,0
"226","SP-3507407-90EFE642E1824570B088C1F4A437EE1B","SP",3507407,"2020",23.34,0,0,0.07,9.64,0,0,0,0,0,0,0,13.63,0,0,0,0,0
"227","SP-3507803-AB779C70D0AF4B859B99D939D8BD9BB1","SP",3507803,"2020",463.03,73.64,0,60.29,199.13,0,0,0.67,0,0,0,0,126.31,0,3,0,0,0
"228","SP-3508801-049A424D41F04F768A49B506B02FC12E","SP",3508801,"2020",140.66,0.29,0,0,30.42,0,0,2.96,0,0,0,0,107,0,0,0,0,0
"229","SP-3510104-377F8CE220344ABE88BD975B99D6F38E","SP",3510104,"2020",58.33,2.43,0,46.5,9.23,0.17,0,0,0,0,0,0,0,0,0,0,0,0
"230","SP-3510104-58C10946E75340A198B0001616D4A5C3","SP",3510104,"2020",10.4,0.05,0,0.1,8.89,0,0,1.36,0,0,0,0,0,0,0,0,0,0
"231","SP-3510104-77729E533B1C404C887B08A33DC16D13","SP",3510104,"2020",120.69,2.92,0,111.08,3.84,0.22,0,0,2.59,0,0.02,0,0,0,0,0.03,0,0
"232","SP-3510104-97658C75E54F4A0EBE94AE67BE3B5AE6","SP",3510104,"2020",16.45,4.76,0,0,11.68,0,0,0,0,0,0,0,0.01,0,0,0,0,0
"233","SP-3510104-C35096844F584BC6BF5A7512A2B5E11E","SP",3510104,"2020",21.71,0.24,0,19.31,2.15,0,0,0,0,0,0,0,0,0,0,0,0,0
"234","SP-3510708-10E4AD3602954083867326F1AF2D0D35","SP",3510708,"2020",33.22,0,0,24.82,3.72,0,0,0.51,0,0,0,0,4.16,0,0,0,0,0
"235","SP-3510708-5FA2AF2250644624A5FA6C6C30B6421E","SP",3510708,"2020",96.81,12.29,0,61.11,14.86,0,0,5.79,0.5,0,0,0,2.26,0,0,0,0,0
"236","SP-3510708-A66BA107230C493ABBE444F74CC29DC7","SP",3510708,"2020",294.47,8.71,0,217.45,40.33,0,0,11.72,7.31,0,0.05,0,5.49,0,3.41,0,0,0
"237","SP-3512001-ABCFB04321324D3694045123B5C36FA4","SP",3512001,"2020",23.57,0,0,0,18.91,0,0,2.06,2.6,0,0,0,0,0,0,0,0,0
"238","SP-3512001-B40CA7237D864DDD91ACC81F01EE4046","SP",3512001,"2020",115.09,0,0,98.72,2.71,0,0,0,13.27,0,0,0,0,0.36,0,0.02,0,0
"239","SP-3512001-F45998EAA14042DDA440DC271FF228BC","SP",3512001,"2020",175.23,0.13,0,163.42,4.22,0,0,7.22,0,0,0,0,0,0.24,0,0,0,0
"240","SP-3512100-CFDC6404FFAB4537963993A6962C85E7","SP",3512100,"2020",67.86,0,0,46.24,1.08,0.17,0,0,20.36,0,0,0,0,0,0,0,0,0
"241","SP-3514007-222BE91BF079476580F2250AAE1F3BB0","SP",3514007,"2020",15.5,0.03,0,15.03,0.44,0,0,0,0,0,0,0,0,0,0,0,0,0
"242","SP-3514007-41B07093F1B94DB7A3380A20C37647B1","SP",3514007,"2020",38.7,1.15,0,30.78,3.11,0,0,0,1.58,0,0,0,2.08,0,0,0,0,0
"243","SP-3514007-6014F79CEECF4152A70B4A9F3D0D7B04","SP",3514007,"2020",48.73,1.99,0,42.66,4.07,0.01,0,0,0,0,0,0,0,0,0,0,0,0
"244","SP-3514007-ADAAE1A8E57B468F9A4427ACB2D3C05B","SP",3514007,"2020",42.25,0,0,33.7,5.55,0.31,0,0,2.09,0,0,0,0.61,0,0,0,0,0
"245","SP-3514007-B66C8FCCCC7E4493A5B40502B6BEC627","SP",3514007,"2020",726.22,31.1,0,614.78,46.35,0,0,3.49,26.07,0,0,0,3.6,0,0,0.83,0,0
"246","SP-3514007-D09EB46840C24FC9B12F5C39C495707C","SP",3514007,"2020",270.35,15.52,0,232.47,10.69,0.86,0,1.33,9.48,0,0,0,0,0,0,0,0,0
"247","SP-3514007-E7EEB585005C488F838C46F48896EA36","SP",3514007,"2020",36.68,1.53,0,31.98,3.16,0,0,0,0,0,0,0,0,0,0,0,0,0
"248","SP-3514601-11A7677D96A843A9847710F011126CE0","SP",3514601,"2020",22.28,0.31,0,20.19,1.53,0.25,0,0,0,0,0,0,0,0,0,0,0,0
"249","SP-3514601-28EB3D2FF85940FEAD2B28FEE6F9F9C9","SP",3514601,"2020",93.02,0.24,0,92.16,0.03,0.2,0,0.38,0,0,0,0,0,0,0,0,0,0
"250","SP-3514601-3C881044EABE4F209A7052691E20E71B","SP",3514601,"2020",8.09,0,0,8.09,0,0,0,0,0,0,0,0,0,0,0,0,0,0
"251","SP-3514601-50F1E7D07C8A47EEA0224061C7C75633","SP",3514601,"2020",45.38,1.26,0,33.19,5.06,0.02,0,1.4,3.69,0,0,0,0,0,0,0.75,0,0
"252","SP-3514601-65960BB5254E4C489F5BCCC097215BDF","SP",3514601,"2020",167.92,7.08,0,146.21,13.31,1.32,0,0,0,0,0,0,0,0,0,0,0,0
"253","SP-3515509-C7C684841DAF47F99CA5F2581F1B7686","SP",3515509,"2020",5.8,0,0,0,0,0,0,0,0,0,0,0,5.8,0,0,0,0,0
"254","SP-3516705-D172E84823AC41D7935E90B9C2399E71","SP",3516705,"2020",109.95,6.73,0,0,6.66,0,0,0.12,0,0,0,0,96.44,0,0,0,0,0
"255","SP-3516903-46B9F7F777814136AB9E934BE01CA954","SP",3516903,"2020",306.52,27.94,0,53.09,103.46,0.42,0,1.87,0.5,0,0,0,119.24,0,0,0,0,0
"256","SP-3516903-E553F74759184A408C25C1C44579A069","SP",3516903,"2020",121.57,12.88,0,83.84,17.49,0.01,0,0,0,0,0,0,7.35,0,0,0,0,0
"257","SP-3516903-FA93C63E78DE451DB306ECF3A96097EE","SP",3516903,"2020",198.1,19.23,0,121.44,34.59,0,0,1.88,0,0,0,0,20.96,0,0,0,0,0
"258","SP-3517307-CC37671B36FE4C1EBC503B710CFB5E24","SP",3517307,"2020",972.09,124.72,0,0.64,93.54,2.5,0,19.88,0,0,701.34,0,19.34,0,6.9,0,3.24,0
"259","SP-3518602-06C22ADABA4C42D9A7D0E3130F943869","SP",3518602,"2020",646.27,48.87,0,450.17,92.5,1.68,0,2.21,45.84,0,0,0,4.84,0,0.16,0,0,0
"260","SP-3518602-0CC4119656A942638E45063A331FAB12","SP",3518602,"2020",21.39,1.83,0,0,4.68,0,0,0.1,9.73,0,0,0,5.05,0,0,0,0,0
"261","SP-3518602-13E023457C2F457399F52D079765D755","SP",3518602,"2020",13.36,0,0,13.36,0,0,0,0,0,0,0,0,0,0,0,0,0,0
"262","SP-3518602-185E28DE21774F5D8C4F3C06A85D662F","SP",3518602,"2020",24.2,1.15,0,23.05,0,0,0,0,0,0,0,0,0,0,0,0,0,0
"263","SP-3518602-57FFF6E3A38B47B3979ED422D9637683","SP",3518602,"2020",174.04,0.26,0,152.39,11.99,1.5,0,5.29,0,0,0,0,2.25,0,0,0.36,0,0
"264","SP-3518602-748DAA41686A4614B52CDBC091FC1C00","SP",3518602,"2020",100.83,9,0,81.25,8.71,0.04,0,1.08,0.75,0,0,0,0,0,0,0,0,0
"265","SP-3518602-81734FC125D7481A88B862DF1D04DE15","SP",3518602,"2020",519.27,31.46,0,429.17,21.72,0.5,0,35.84,0,0,0,0,0,0,0.57,0,0,0
"266","SP-3518602-86BC2C7EFEF146E29C8674243E2C4D9A","SP",3518602,"2020",382.97,18.42,0,332.92,30.32,1.31,0,0,0,0,0,0,0,0,0,0,0,0
"267","SP-3518602-8B3A6161519A44FEA5303BA48F4D1A7B","SP",3518602,"2020",439.45,26.1,0,377.81,20.38,1.04,0,8.03,6.09,0,0,0,0,0,0,0,0,0
"268","SP-3518602-A6B30ADC4EE04E9EAA0925E2AA6DE956","SP",3518602,"2020",507.95,20.75,0,423.44,46.04,0.42,0,2.53,12.59,0,0,0,2.17,0,0,0,0,0
"269","SP-3518602-B2BFA7CDA05E48F7A1DF16D619FBAB6E","SP",3518602,"2020",22.94,0.86,0,18.62,0.69,0,0,0,2.77,0,0,0,0,0,0,0,0,0
"270","SP-3518602-B5EAD3959D3B4FD18C7171A20CC2F4C8","SP",3518602,"2020",122.47,2.93,0,114.59,4.81,0.01,0,0.14,0,0,0,0,0,0,0,0,0,0
"271","SP-3518602-F476144FD55E4A22B9A170593786DC8F","SP",3518602,"2020",219.18,8.9,0,190.1,19.04,0.5,0,0.58,0.05,0,0,0,0,0,0,0,0,0
"272","SP-3518859-05F456F5BD38465882CB19787169FB6E","SP",3518859,"2020",6,0,0,4.8,0.59,0,0,0,0,0,0,0,0,0,0,0.61,0,0
"273","SP-3518859-123CD3E71ECC4BAF8A2E27738F887E9F","SP",3518859,"2020",12.68,0.43,0,12,0.25,0,0,0,0,0,0,0,0,0,0,0,0,0
"274","SP-3518859-1DDF17CEADEE4E7F8153DCAC390A35B3","SP",3518859,"2020",12,2.58,0,0.13,3.33,2.34,0,0,3.62,0,0,0,0,0,0,0,0,0
"275","SP-3518859-216C7B066099483CB2FAD17A367CEAA7","SP",3518859,"2020",33.26,0,0,32.18,0.17,0.91,0,0,0,0,0,0,0,0,0,0,0,0
"276","SP-3518859-2CC0655497324CDBAAF3DFC4A8FD3C84","SP",3518859,"2020",25.39,0,0,22.96,1.85,0,0,0,0.58,0,0,0,0,0,0,0,0,0
"277","SP-3518859-39DAF5C2AED9479F966E93B09D49137F","SP",3518859,"2020",9,0,0,9,0,0,0,0,0,0,0,0,0,0,0,0,0,0
"278","SP-3518859-40FA7CD0173340A1BB2183E96B33BA8C","SP",3518859,"2020",512.85,63.73,0,409.71,13.79,2.08,0,22.78,0.75,0,0,0,0,0,0,0,0,0
"279","SP-3518859-487DC9F0B62A4E3AA04962A5C6255E58","SP",3518859,"2020",13.56,0,0,12.36,1.04,0,0,0.16,0,0,0,0,0,0,0,0,0,0
"280","SP-3518859-4DC2AB2E064745429BF150545D603929","SP",3518859,"2020",21,0,0,20.1,0.9,0,0,0,0,0,0,0,0,0,0,0,0,0
"281","SP-3518859-515A2A8DA1594C9FA3D1301F604E2180","SP",3518859,"2020",5.76,0,0,5.01,0.75,0,0,0,0,0,0,0,0,0,0,0,0,0
"282","SP-3518859-63240DD62B4340F59C1CA01E56BBD34B","SP",3518859,"2020",24.22,0,0,20.66,3.11,0,0,0.44,0,0,0,0,0,0,0,0,0,0
"283","SP-3518859-79F3C0F51F2949C18F45E39C95F6647F","SP",3518859,"2020",105.46,0,0,57.56,39.29,0,0,0,0,0,0,0,8.62,0,0,0,0,0
"284","SP-3518859-7D381DCC6F3449F7800FDD96E8234550","SP",3518859,"2020",32.91,0,0,32.09,0.82,0,0,0,0,0,0,0,0,0,0,0,0,0
"285","SP-3518859-7E2BE5944F304374A861244B20698E2D","SP",3518859,"2020",17.62,0,0,0,9.77,0,0,0,4.62,0,0,0,0,0,0,3.22,0,0
"286","SP-3518859-8A96EC4CE17842399A112E8FCEFBB6E8","SP",3518859,"2020",9,0,0,0.12,0.68,8.05,0,0,0.08,0,0,0,0,0,0,0.07,0,0
"287","SP-3518859-904F22DAB9734AA98635CDEB837323B3","SP",3518859,"2020",24.2,0,0,23.19,0.55,0.43,0,0.03,0,0,0,0,0,0,0,0,0,0
"288","SP-3518859-95CAD07E72B6475DB4D024D9E43A084F","SP",3518859,"2020",15.89,1.25,0,8.88,4.78,0.99,0,0,0,0,0,0,0,0,0,0,0,0
"289","SP-3518859-A6AC5ABFAD71447FB13B415EEF6CDF9E","SP",3518859,"2020",6.01,0,0,5.91,0.09,0,0,0,0,0,0,0,0,0,0,0,0,0
"290","SP-3518859-AA397B5B63984F61A7DB27D65A3450B3","SP",3518859,"2020",12,0,0,0.28,6.03,0.82,0,0,4.88,0,0,0,0,0,0,0,0,0
"291","SP-3518859-B00060CF482549A38CEBDCE155BFCFC5","SP",3518859,"2020",18,0,0,17.32,0.62,0,0,0,0.05,0,0,0,0,0,0,0,0,0
"292","SP-3518859-BA4B12F49A9F4789BE188A9C4C606E29","SP",3518859,"2020",33.18,0,0,32.03,1.11,0,0,0,0.04,0,0,0,0,0,0,0,0,0
"293","SP-3518859-C30CA2E8307149A7AC958FD8EE95DA3C","SP",3518859,"2020",18,0,0,8.36,9.63,0,0,0,0,0,0,0,0,0,0,0.01,0,0
"294","SP-3518859-D24271E6B4814C5F81B49C7DF61ADFFE","SP",3518859,"2020",9.35,0,0,6.6,1.33,1.41,0,0,0,0,0,0,0,0,0,0,0,0
"295","SP-3518859-D91087634F12449E86217CD11A2E76D1","SP",3518859,"2020",12,0,0,10.91,1.08,0,0,0,0,0,0,0,0,0,0,0,0,0
"296","SP-3518859-DF058D4DC816422BB4C136AA5F0D7220","SP",3518859,"2020",25.23,0,0,24.4,0.83,0,0,0,0,0,0,0,0,0,0,0,0,0
"297","SP-3518859-F1BF40C87ABF4C1AAC8668620BF8F989","SP",3518859,"2020",12.18,0,0,11.99,0.12,0,0,0,0.07,0,0,0,0,0,0,0,0,0
"298","SP-3518859-F2133028186248B882576FF21A649C22","SP",3518859,"2020",12.17,0,0,11.89,0.28,0,0,0,0,0,0,0,0,0,0,0,0,0
"299","SP-3518859-F768F62373EA4D16AFF0139B86CDECDD","SP",3518859,"2020",3,0,0,0,2.97,0.03,0,0,0,0,0,0,0,0,0,0,0,0
"300","SP-3519600-35F8AEF4485A45ED8BA6472ACEB7948C","SP",3519600,"2020",61.33,7.3,0,40.54,13.26,0.23,0,0,0,0,0,0,0,0,0,0,0,0
"301","SP-3519600-CD6CD35D57494FB49DA451124DE88B0C","SP",3519600,"2020",73.07,4.16,0,60.65,7.36,0,0.75,0.15,0,0,0,0,0,0,0,0,0,0
"302","SP-3521507-DD88BC93CC7D40E29BFD85C8B3086F3E","SP",3521507,"2020",43.8,1.92,0,21,11.21,0,0,0,0,0,0,0,9.61,0,0.05,0,0,0
"303","SP-3521903-76C1E7D3340547CBA5822B0C071BA51E","SP",3521903,"2020",323.53,4.34,0,270.95,41.1,0,0,7.07,0,0,0,0,0.07,0,0,0,0,0
"304","SP-3521903-B5C1D5D919494A468180C84FE4B26CC7","SP",3521903,"2020",182.82,5.96,0,156.97,16.92,0,0,2.96,0,0,0,0,0,0,0,0,0,0
"305","SP-3521903-BA9A0D49AD1E4F8E90188416817A5DC2","SP",3521903,"2020",294.23,26.79,0,255.84,10.3,0.25,0,0.67,0,0.03,0,0,0,0,0,0,0.36,0
"306","SP-3521903-E00526DDA4BA4D31BF90F8449B7E9941","SP",3521903,"2020",103.26,4.06,0,80.34,14.72,0,0,3.89,0,0,0,0,0.25,0,0,0,0,0
"307","SP-3521903-E107AA621BC84815B6EED997D01010E8","SP",3521903,"2020",22.53,0,0,19.14,2.57,0.29,0,0.53,0,0,0,0,0,0,0,0,0,0
"308","SP-3522703-4744A99A90614109A09FBA291D6A206A","SP",3522703,"2020",1758.17,219.05,0,1135.62,298.21,63.99,0,32.78,8.53,0,0,0,0,0,0,0,0,0
"309","SP-3522703-5B3C40EA6C7F471A8B83DDFF632D1FB6","SP",3522703,"2020",22.41,0.48,0,0.3,21.62,0,0,0,0,0,0,0,0,0,0,0,0,0
"310","SP-3522703-688843E5EE824E9EAF983F1929A3DCAB","SP",3522703,"2020",169.5,8.82,0,135.22,15.75,6.43,0,0,2.78,0,0,0,0.5,0,0,0,0,0
"311","SP-3522703-8898F03F3523441A922449D5711E382E","SP",3522703,"2020",74.31,11.85,0,47.01,15.38,0.07,0,0,0,0,0,0,0,0,0,0,0,0
"312","SP-3522703-9117EA35621241E497CF208FFB6BF50D","SP",3522703,"2020",21.57,0.3,0,0.11,21.13,0,0,0.02,0,0,0,0,0,0,0,0,0,0
"313","SP-3522703-A1595380C37641A69ECA8D7CA238931A","SP",3522703,"2020",66.49,18.99,0,0.3,40.71,1,0,5.5,0,0,0,0,0,0,0,0,0,0
"314","SP-3522703-C34A57E26DFF401B8364D75E930E6110","SP",3522703,"2020",47.54,3.55,0,41.73,2.12,0,0,0.14,0,0,0,0,0,0,0,0,0,0
"315","SP-3522703-D63E157FE78345B89EC2098A7334BDBD","SP",3522703,"2020",109.1,2.17,0,84.48,9.96,1.42,0,0,10.99,0,0,0,0.08,0,0,0,0,0
"316","SP-3524204-2BF66C8B164B499D8F010053E0860443","SP",3524204,"2020",360.4,12.52,0,333.59,5.71,0.61,0,7.92,0.04,0,0,0,0,0,0,0,0,0
"317","SP-3524303-03046467329F40E3BD3DFC1A739DB165","SP",3524303,"2020",60.73,0,0,57.25,3.22,0,0,0.26,0,0,0,0,0,0,0,0,0,0
"318","SP-3524303-04EC7A3893B644C689E6253975234CB2","SP",3524303,"2020",6.16,0.24,0,5.32,0.61,0,0,0,0,0,0,0,0,0,0,0,0,0
"319","SP-3524303-0C5D505260CE44A49C05E898273F2EF5","SP",3524303,"2020",104.21,0,0,92.25,7.88,0.08,0,1.82,1.09,0,0,0,0,0,1.09,0,0,0
"320","SP-3524303-0D9D2A55729346DB8EA50D619743C777","SP",3524303,"2020",25.21,2.65,0,21.1,1.46,0,0,0,0,0,0,0,0,0,0,0,0,0
"321","SP-3524303-0DC7AA65802248358DE41F64660F882A","SP",3524303,"2020",165.04,37.12,0,107.67,18.45,0,0,1.8,0,0,0,0,0,0,0,0,0,0
"322","SP-3524303-0DC942AABD574146A51CD1A38C3B9070","SP",3524303,"2020",22.26,0,0,11.6,7.38,0.05,0,0,3.25,0,0,0,0,0,0,0,0,0
"323","SP-3524303-118775A2CCDD4FBE94C84767AFF917A8","SP",3524303,"2020",330.89,31.32,0,261.74,14.33,0.17,0,1.57,19.86,0,0,0,0.67,0,1.23,0,0,0
"324","SP-3524303-12F3B0A20AA6420583FE76D8D766C059","SP",3524303,"2020",11.25,0,0,11.07,0.17,0,0,0,0,0,0,0,0,0,0,0,0,0
"325","SP-3524303-16D9C209540044FAACA45EA6100416EE","SP",3524303,"2020",92.93,0,0,71.55,4.27,0.58,0,0.66,15.86,0,0,0,0,0,0,0,0,0
"326","SP-3524303-1739C594B4F540C59AF7B47ADBB2D62D","SP",3524303,"2020",1139.26,119.79,0,854.79,84.12,1.84,0,56.62,18.43,0,0,0,0,0,1.35,1.75,0,0
"327","SP-3524303-1E27D31489DA49238C2A65AA09684028","SP",3524303,"2020",174.46,2.01,0,159.01,11.81,0,0,0.73,0.86,0,0,0,0.04,0,0,0,0,0
"328","SP-3524303-21656AD4FE944F7CB66011E4418F4187","SP",3524303,"2020",141.92,7.9,0,109.21,12.69,0,0,0.61,11.51,0,0,0,0,0,0,0,0,0
"329","SP-3524303-244BE86A3253482D851098B4D30F836D","SP",3524303,"2020",242.98,9.73,0,210.45,19.74,0.51,0,2.41,0.14,0,0,0,0,0,0,0,0,0
"330","SP-3524303-269E8EAC5A7C4B9DBBE9C8E0790B1FC1","SP",3524303,"2020",11.95,0,0,11.61,0.34,0,0,0,0,0,0,0,0,0,0,0,0,0
"331","SP-3524303-2805984E47D8413EA1F7FEED4A0C84DE","SP",3524303,"2020",178.61,0.21,0,173.62,2.54,0,0,1.42,0,0,0,0,0.83,0,0,0,0,0
"332","SP-3524303-2BD4A371B79841BC9627DD2444CDDE75","SP",3524303,"2020",46.69,1.06,0,33.35,10.66,0,0,0.1,0,0,0,0,1.5,0,0,0,0,0
"333","SP-3524303-35CE14E8577741088DE40B3D6C4E9A82","SP",3524303,"2020",42.67,0.62,0,8.43,6.49,1.73,0,0.72,24.68,0,0,0,0,0,0,0,0,0
"334","SP-3524303-3894CBBF24EB443882EC713BBB492DB7","SP",3524303,"2020",11.81,0.5,0,10.91,0,0,0,0.39,0,0,0,0,0,0,0,0,0,0
"335","SP-3524303-3DC590A41CA340C08A97A187975279CD","SP",3524303,"2020",55.72,3.92,0,49.07,2.73,0,0,0,0,0,0,0,0,0,0,0,0,0
"336","SP-3524303-45EABA24951149768D24A6F8C9E5BA8A","SP",3524303,"2020",261.25,39.93,0,205.12,15.28,0,0,0.58,0.29,0,0,0,0,0,0,0.04,0,0
"337","SP-3524303-47E7FD74ADEE4D58A7E4A0BFC9137B07","SP",3524303,"2020",29.91,0.15,0,28.55,0.99,0,0,0.22,0,0,0,0,0,0,0,0,0,0
"338","SP-3524303-4BF2884CA53D40CD816BC459457BC020","SP",3524303,"2020",122.69,30.24,0,88.18,3.19,0,0,1.09,0,0,0,0,0,0,0,0,0,0
"339","SP-3524303-4DC775351EA3433F98FD470B175BED2F","SP",3524303,"2020",9.63,0,0,9.63,0,0,0,0,0,0,0,0,0,0,0,0,0,0
"340","SP-3524303-577FC36D359E4056801675249F938706","SP",3524303,"2020",16.73,0,0,16.73,0,0,0,0,0,0,0,0,0,0,0,0,0,0
"341","SP-3524303-653E43E2C5AA42EB81CDC9AFA0DD3027","SP",3524303,"2020",31.45,0,0,30.62,0.47,0,0,0.36,0,0,0,0,0,0,0,0,0,0
"342","SP-3524303-6931815FD9A8448A903EA686136BB95E","SP",3524303,"2020",26.42,0,0,0,2.62,0,0,0,23.08,0,0,0,0,0.71,0,0,0,0
"343","SP-3524303-6D06E71E70C44C8780BDA3D724FFEA22","SP",3524303,"2020",50.62,0,0,48.19,1.89,0.13,0,0.08,0.33,0,0,0,0,0,0,0,0,0
"344","SP-3524303-6D6A603185A04DA7A83DCEDC27D53E67","SP",3524303,"2020",68.92,2.76,0,63.95,1.91,0,0,0.27,0.03,0,0,0,0,0,0,0,0,0
"345","SP-3524303-733F23B337C949A4B6314BBA22BD73A4","SP",3524303,"2020",19.49,0,0,19.37,0.13,0,0,0,0,0,0,0,0,0,0,0,0,0
"346","SP-3524303-7657C9E80AE741A6B063D8852A3147C0","SP",3524303,"2020",11.71,0.16,0,11.22,0.33,0,0,0,0,0,0,0,0,0,0,0,0,0
"347","SP-3524303-76C011CD099C44CE9ED727CE5F640AC9","SP",3524303,"2020",4.35,0,0,4.35,0,0,0,0,0,0,0,0,0,0,0,0,0,0
"348","SP-3524303-7719C63514204FAA8BE3E4E773DD4B26","SP",3524303,"2020",114.64,4.59,0,101.07,8.4,0,0,0,0,0.58,0,0,0,0,0,0,0,0
"349","SP-3524303-7A7AD6C4FA144A09B9066F7638202E55","SP",3524303,"2020",109.55,1.94,0,93.03,11.43,0.5,0,0.66,2,0,0,0,0,0,0,0,0,0
"350","SP-3524303-7B0E59609F274F7EB2F7C1A6609A0ABB","SP",3524303,"2020",160.52,5.42,0,135.98,11.63,1.75,0,1.59,4.15,0,0,0,0,0,0,0,0,0
"351","SP-3524303-7DEAD97D39D84F909939F7C98B260443","SP",3524303,"2020",26,0.36,0,24.12,0.81,0,0,0,0.71,0,0,0,0,0,0,0,0,0
"352","SP-3524303-7F899BC4BF434FC29BCD16956D775084","SP",3524303,"2020",294.65,0,0,257.49,20.1,0,0,5.41,0.03,0,0,0,8.81,0,2.22,0.58,0,0
"353","SP-3524303-80055BF84ED64248A45442CF30854E39","SP",3524303,"2020",8.74,0,0,8.32,0.42,0,0,0,0,0,0,0,0,0,0,0,0,0
"354","SP-3524303-825FAA66535C4771B3AE7DEBCB03FA43","SP",3524303,"2020",30.87,0,0,27.97,2.73,0.16,0,0,0,0,0,0,0,0,0,0,0,0
"355","SP-3524303-8DC097BB871E49BCAFEEDD4DAAFDBB1E","SP",3524303,"2020",117.31,1.58,0,112.38,3.35,0,0,0,0,0,0,0,0,0,0,0,0,0
"356","SP-3524303-91A843137212411D87BDBBD8D9F5562B","SP",3524303,"2020",27.32,0.92,0,19.96,3.61,0,0,1.07,1.37,0,0,0,0,0,0.4,0,0,0
"357","SP-3524303-935674BF20E94C1D8BDBF4A658363042","SP",3524303,"2020",24.97,0,0,22.05,2.36,0,0,0.56,0,0,0,0,0,0,0,0,0,0
"358","SP-3524303-96EC4CD7C7B043B2B787C3BE484FE090","SP",3524303,"2020",262.66,0,0,247.86,9.28,0.32,0,5.2,0,0,0,0,0,0,0,0,0,0
"359","SP-3524303-9F87FF6681004356B5CEFA7EF01A707B","SP",3524303,"2020",68.44,0,0,43.91,6.85,0,0,0.59,14.01,0,0,0,2.67,0,0.42,0,0,0
"360","SP-3524303-A4204348BA434E28ADC4E0BAB626B251","SP",3524303,"2020",183.3,0,0,146.29,26.11,0,0,3.72,0,0,0,0,7.19,0,0,0,0,0
"361","SP-3524303-A5423CB18EF04CD7B045F16FE2B2BD47","SP",3524303,"2020",16.56,0,0,16.04,0.53,0,0,0,0,0,0,0,0,0,0,0,0,0
"362","SP-3524303-A7682ED563804138AF6A3F96D16FA05F","SP",3524303,"2020",33.62,0,0,32.23,1.03,0,0,0.36,0,0,0,0,0,0,0,0,0,0
"363","SP-3524303-A85D5BD26F6D4C50B3D21F3D2A523BC1","SP",3524303,"2020",201.4,8.03,0,160.49,5.74,0,0,5.64,21.43,0,0,0,0,0,0,0.06,0,0
"364","SP-3524303-AB82473D9B024CA9B5ABBEEA7281631A","SP",3524303,"2020",15.42,0,0,15.18,0.24,0,0,0,0,0,0,0,0,0,0,0,0,0
"365","SP-3524303-AD6A7C7F6BB942B7A5C64F76BF4535B7","SP",3524303,"2020",164.1,0,0,146.75,9.22,0,0,1.7,4.51,0,0,0,0,0,0,1.92,0,0
"366","SP-3524303-AE1D25E0508C42BABADC23B3F41E9363","SP",3524303,"2020",65.36,0,0,65.36,0,0,0,0,0,0,0,0,0,0,0,0,0,0
"367","SP-3524303-B3B774AC74BD4C48A83B06BC60BDBDE8","SP",3524303,"2020",232.45,9.79,0,181.83,22.49,0.45,0,2.5,4.62,0,0,0,9.26,0,0,1.5,0,0
"368","SP-3524303-B4DB9C379C2745D381C499D50E58A337","SP",3524303,"2020",60.48,3.41,0,52.82,4.25,0,0,0,0,0,0,0,0,0,0,0,0,0
"369","SP-3524303-B4E7D6269570418A8C7CB04464344387","SP",3524303,"2020",129.58,0,0,117.29,8.55,0,0,1.03,0.51,0,0,0,2.2,0,0,0,0,0
"370","SP-3524303-B511EABB874444398E1815F4A23331D5","SP",3524303,"2020",231.53,1.09,0,193.61,20.85,0,0,0.87,12.36,0,0,0,2,0,0,0.75,0,0
"371","SP-3524303-B81EF71D75DB4B0E824AC12E7E35D76B","SP",3524303,"2020",48.9,0.33,0,26.62,5.68,0,0,0,15.91,0,0,0,0.37,0,0,0,0,0
"372","SP-3524303-B9C6F163F39D4BCEBCD7FFDA66C50DE2","SP",3524303,"2020",149.32,2.09,0,116.43,27.24,1.01,0,0.06,2.48,0,0,0,0,0,0,0,0,0
"373","SP-3524303-BF07A71C614443019B81105D6B2A386B","SP",3524303,"2020",51.73,3.03,0,42.14,4.54,0,0,0.76,1,0,0,0,0,0,0.25,0,0,0
"374","SP-3524303-C38FF4FEA8FE4EDBB3CFFCBC52F9944C","SP",3524303,"2020",47.77,0,0,20.73,9.23,0,0,0.03,17.03,0,0,0,0.75,0,0,0,0,0
"375","SP-3524303-C3E234F167274FDF984BA17F24E3D201","SP",3524303,"2020",12.53,0.28,0,11.9,0.34,0,0,0,0,0,0,0,0,0,0,0,0,0
"376","SP-3524303-CA5A35BC73284A4AB9E382A5B8502C1A","SP",3524303,"2020",52.66,6.49,0,36.91,8.76,0.45,0,0,0.05,0,0,0,0,0,0,0,0,0
"377","SP-3524303-CBF4F7932D364DD9AC0E39E5C37AA0A9","SP",3524303,"2020",20.24,0.48,0,18.74,1.03,0,0,0,0,0,0,0,0,0,0,0,0,0
"378","SP-3524303-D1D92A7568234A58A13134B523E1A5B2","SP",3524303,"2020",15.24,0,0,12.25,1.64,0,0,0.52,0.83,0,0,0,0,0,0,0,0,0
"379","SP-3524303-D28288D1B1714A89839447D19A51C917","SP",3524303,"2020",13.3,0,0,13.3,0,0,0,0,0,0,0,0,0,0,0,0,0,0
"380","SP-3524303-D2CE0C792E44432CBBCCA3E48655517D","SP",3524303,"2020",144.92,4.29,0,128.56,7.02,2.36,0,0,0,0,0,0,2.67,0.02,0,0,0,0
"381","SP-3524303-D35D6052A3004C3EB96D342F15B20926","SP",3524303,"2020",110.18,3.28,0,99.07,7.48,0,0,0.36,0,0,0,0,0,0,0,0,0,0
"382","SP-3524303-D78A85C41DBA40D891D0FEA45835EF2D","SP",3524303,"2020",342.01,17.8,0,280.76,40.38,0.98,0,2.1,0,0,0,0,0,0,0,0,0,0
"383","SP-3524303-DA872C06E9EC4EA6BE3E330467FF4A18","SP",3524303,"2020",50.95,0.21,0,45.08,4.02,0.96,0,0.61,0.08,0,0,0,0,0,0,0,0,0
"384","SP-3524303-F004FC678B1B436791323E41D93FA6F3","SP",3524303,"2020",50.94,0,0,40.17,4.25,0,0,0,3.68,0,0,0,2.84,0,0,0,0,0
"385","SP-3524303-F6196583B26A4E84AB1CD3FE7039A61E","SP",3524303,"2020",39.37,0.85,0,31.8,0.01,1.32,0,0.74,4.65,0,0,0,0,0,0,0,0,0
"386","SP-3526803-E2A19DA1F75B404A97C3FC9987F2DE3D","SP",3526803,"2020",2137.88,140.98,21.46,1480.83,437.2,0,0.02,42.78,0,0,0,0,8.67,0,0,5.95,0,0
"387","SP-3527801-D3001961CD794DC3A61FC1FB19FF29CA","SP",3527801,"2020",558.4,149.02,0,0,97.15,58.4,0.15,10.56,170.57,60.39,0,0,7.24,1.39,2.82,0.07,0,0
"388","SP-3529302-0544F27689CD47FE9B9196A622BECCBB","SP",3529302,"2020",48.74,0.72,0,37.42,2.52,0.71,0,1.14,6.22,0,0,0,0,0,0,0,0,0
"389","SP-3529302-14E5A99D2ADD43F0ABAC9B62030C5BD7","SP",3529302,"2020",304.84,19.37,0,233.01,38.74,2.36,3.66,5.75,0.29,0,0,0,0,0,0.92,0.75,0,0
"390","SP-3529302-3B64FC6831D54EC4BB9BFFE93C5788CF","SP",3529302,"2020",30.82,1.8,0,0.71,0.99,0.27,0,0,27.07,0,0,0,0,0,0,0,0,0
"391","SP-3529302-4380D5F337CF486E8E3C04893F2ED9CB","SP",3529302,"2020",533.99,76.42,0,357.07,74.38,0.46,0,8.97,14.73,0,0,0,0,0.71,0,1.25,0,0
"392","SP-3529302-58D5AE64CDD448A99ADB8008BC1E4738","SP",3529302,"2020",30.24,2.11,0,19.3,8.78,0.04,0,0,0,0,0,0,0,0,0,0,0,0
"393","SP-3529302-5DA25D37430D4BE68395555524DC86D4","SP",3529302,"2020",12.2,0.51,0,9.41,2.28,0,0,0,0,0,0,0,0,0,0,0,0,0
"394","SP-3529302-664B22D1DFC44EAEA99AA819C0EC5779","SP",3529302,"2020",199.84,11.36,0,107.6,56.58,0.05,0,3.38,0,0,0,0,20.87,0,0,0,0,0
"395","SP-3529302-6D5093B0A0384E1E967CFBDF049F18E0","SP",3529302,"2020",32.57,5.38,0,19.72,7.36,0,0,0,0.11,0,0,0,0,0,0,0,0,0
"396","SP-3529302-82866007393E4DD6B6815EE7F7982D20","SP",3529302,"2020",19.35,0.99,0,10.88,2.32,0,0,0,5.13,0,0,0,0.03,0,0,0,0,0
"397","SP-3529302-99DBFFDF4B994AAE835FCBF0850E3717","SP",3529302,"2020",21.92,7.72,0,8.24,5.29,0,0,0,0.67,0,0,0,0,0,0,0,0,0
"398","SP-3529302-A2258972C5AA43EDA1ABD6ACABB94221","SP",3529302,"2020",92.29,14.14,0,75.53,2.62,0,0,0,0,0,0,0,0,0,0,0,0,0
"399","SP-3529302-AF136ED1760141DFB2FA0AFF59A07E3E","SP",3529302,"2020",151.36,0,0,99.53,43.46,0.06,0,0.92,7.08,0,0,0,0,0.32,0,0,0,0
"400","SP-3529302-C1A3E8E5734C4D1FAB9F4F0DB21EE95B","SP",3529302,"2020",29.71,0.72,0,19.52,9.47,0,0,0,0,0,0,0,0,0,0,0,0,0
"401","SP-3529302-D80B209D1E654D6CA87826E3B81A2985","SP",3529302,"2020",69.01,7.58,0,26.85,15.94,0,0,2.5,16.14,0,0,0,0,0,0,0,0,0
"402","SP-3529302-DA7957A5E21E456A8A18EC3BDF6350BA","SP",3529302,"2020",24.2,4.1,0,17.09,3.01,0,0,0,0,0,0,0,0,0,0,0,0,0
"403","SP-3529302-DCEABCECB86B41A898A3555E7F34CB4F","SP",3529302,"2020",64.61,3.76,0,50.93,6.3,0,0,0.86,2.74,0,0,0,0,0,0,0.01,0,0
"404","SP-3529302-E22D1B8967CE4CB5959A0B2F759D70ED","SP",3529302,"2020",51.23,0,0,49.7,1.53,0,0,0,0,0,0,0,0,0,0,0,0,0
"405","SP-3531001-2BAA00AF46C846518602B969223C0C0F","SP",3531001,"2020",316.75,21.89,0,3.93,239.09,0,0.59,2.9,0,0,0,0,46.35,0.16,1.84,0,0,0
"406","SP-3531308-1CE791C5730749A883CAF14C9C3D5790","SP",3531308,"2020",23.85,0.12,0,16.33,2.6,0.58,0,0.48,3.73,0,0,0,0,0,0,0,0,0
"407","SP-3531308-5A765C4491DC4648A27E5D2E884EB375","SP",3531308,"2020",28.02,0.01,0,21.52,6.08,0,0,0.41,0,0,0,0,0,0,0,0,0,0
"408","SP-3531308-AA6227303FD445209CCFBA48F79908EA","SP",3531308,"2020",108.33,2.04,0,88.69,13.77,0,0,3.31,0,0,0,0,0.16,0,0.36,0,0,0
"409","SP-3531308-BE35E05C023F488C97ABA83454C00EC4","SP",3531308,"2020",89.39,23.71,0,29.87,28.35,0,0,1.23,0,0.58,0,0,5.66,0,0,0,0,0
"410","SP-3531308-C2F56A08017A4459888CE0E69A3161F8","SP",3531308,"2020",47.89,3.28,0,34.71,7.1,0.58,0,1.88,0.33,0,0,0,0,0,0,0,0,0
"411","SP-3531308-DDC5C4B5C558434A9BE155279F32C2C1","SP",3531308,"2020",71.56,6.6,0,50.99,9.38,0,0,1.84,2.74,0,0,0,0,0,0,0,0,0
"412","SP-3531407-11DEFEE8B80D467F938BB65CBB3CED03","SP",3531407,"2020",14.68,0.76,0,7.66,3.97,0,0,0,0,1.34,0,0,0.95,0,0,0,0,0
"413","SP-3531407-29FFB0B871EA4A0498FB0FE923796389","SP",3531407,"2020",16.63,0.77,0,8.13,4.6,0,0,0.68,0,0,0,0,2.45,0,0,0,0,0
"414","SP-3532058-17D1B834B08C4F58A54D93F3B7509351","SP",3532058,"2020",83.16,2.08,0,77.75,2.91,0.42,0,0,0,0,0,0,0,0,0,0,0,0
"415","SP-3532058-2C8FEF6FBC44472F9BF843B34FF9047E","SP",3532058,"2020",178.95,6.68,0,148.95,11.37,0,0,3.67,8.28,0,0,0,0,0,0,0,0,0
"416","SP-3532058-3EE625926E4E460DB99EA36B4AE36ECD","SP",3532058,"2020",181,2.38,0,145.39,5.04,0.53,0,0.14,27.42,0,0,0,0,0.12,0,0,0,0
"417","SP-3532058-44DD409DC4644366942168E9DB5F6CE6","SP",3532058,"2020",247.64,5.05,0,187.12,35.18,2.75,0.21,3.7,12.17,0,0,0,1.46,0,0,0,0,0
"418","SP-3532058-5EEB519E6F1D48278AA1AE9743A4376D","SP",3532058,"2020",47.59,1.03,0,44.81,1.75,0,0,0,0,0,0,0,0,0,0,0,0,0
"419","SP-3532058-61E66EAE55FF4A7290F1E3609122DFD7","SP",3532058,"2020",88.02,12.76,0,72.19,2.3,0,0,0.77,0,0,0,0,0,0,0,0,0,0
"420","SP-3532058-7982838F9DFB460D91E8C1EA4CCF8B01","SP",3532058,"2020",33.02,1.75,0,28.21,2.5,0,0,0.55,0,0,0,0,0,0,0,0,0,0
"421","SP-3532058-7CBC1A16AA2E459E8BADBDB848922FAB","SP",3532058,"2020",276.54,4.3,0,258.77,11.29,0.6,0,0,0,0,0,0,0,0,0,1.58,0,0
"422","SP-3532058-7CE470C1C14E4B388091CA616B2B348F","SP",3532058,"2020",40.21,0.03,0,39.02,0.27,0.1,0,0,0.79,0,0,0,0,0,0,0,0,0
"423","SP-3532058-80CB2E330BE2400F8CE950F2016D52D9","SP",3532058,"2020",230.06,15,0,140.71,8.98,0,0,64.33,0,0,0,0,0,0,1.04,0,0,0
"424","SP-3532058-88B7B055CC604A6B8A92269DC53843D8","SP",3532058,"2020",57.88,2.28,0,41.64,9.98,0,0,0.45,2.86,0,0,0,0,0,0,0.67,0,0
"425","SP-3532058-D6D03A06FE00481D8AB792EC1CBE55DE","SP",3532058,"2020",50.44,1.39,0,44.38,2.87,0,0,0.79,0,0,0,0,1,0,0,0,0,0
"426","SP-3532058-DACEDBABA07048FA90AE0F730E7C3587","SP",3532058,"2020",87.08,0,0,80.36,5.22,0,0,0,1.5,0,0,0,0,0,0,0,0,0
"427","SP-3532058-F326C1F844804BC886768B75673B879B","SP",3532058,"2020",78.79,0.77,0,72.51,5.1,0,0,0,0.42,0,0,0,0,0,0,0,0,0
"428","SP-3532603-52257EB5E2BD4998BFB17DF028EEAB0F","SP",3532603,"2020",94.62,14.52,0,52.31,25.4,0,0,0,0,0,0,0,2.4,0,0,0,0,0
"429","SP-3533502-298E40F0FE384774BF8BA260457E607D","SP",3533502,"2020",4.6,0.64,0,0.06,3.11,0.01,0,0,0,0,0,0,0.79,0,0,0,0,0
"430","SP-3533502-63955168FCDB4440B641CB2663870D02","SP",3533502,"2020",10.45,0.52,0,2.98,5.21,0.27,0,0.05,0,0,0,0,1.41,0,0,0,0,0
"431","SP-3533502-84756006EF5342079B4A52AD2837642C","SP",3533502,"2020",39.6,0.61,0,34.86,3.21,0,0,0.27,0,0,0,0,0.64,0,0,0,0,0
"432","SP-3533502-C381178367754D00BEE2DECFABF46C72","SP",3533502,"2020",9.68,0.94,0,0,5.16,0,0,0,0,0,0,0,3.57,0,0,0,0,0
"433","SP-3533700-5B3A3E53940A47E8B18185AA3CFD03AA","SP",3533700,"2020",56.42,1.05,0,0,16.75,33.29,0,0.69,4.47,0,0,0,0.17,0,0,0,0,0
"434","SP-3534757-163F3B4AD4204AC1ADAAB835F4F7CA16","SP",3534757,"2020",15.13,0,0,0,5.68,0,0,0.76,0,0,0,0,8.32,0,0.37,0,0,0
"435","SP-3535002-07DD7C45D3E942C98886BFBB8B06B8D0","SP",3535002,"2020",64.86,6.6,0,44.61,13.26,0,0,0.36,0,0,0,0,0.03,0,0,0,0,0
"436","SP-3535002-1680D49FBA204A7CB661F0E52301933A","SP",3535002,"2020",91.85,13.58,0,67.27,10.5,0.5,0,0,0,0,0,0,0,0,0,0,0,0
"437","SP-3535002-1F6BB597B087407AAFBEE1C7F8FB9DD0","SP",3535002,"2020",26.2,0.73,0,12.59,9.45,0,0,0,0,0,0,0,3.43,0,0,0,0,0
"438","SP-3535002-36FD7710DDEB4FEF9F652436C122D3A7","SP",3535002,"2020",271.21,42.07,0,102.31,63.51,0,0,3.41,0,7.64,0,0,52.27,0,0,0,0,0
"439","SP-3535002-3DC863903D7C42FC9F62894F755C2800","SP",3535002,"2020",22.97,0.81,0,19.67,2.45,0,0,0,0,0,0,0,0.04,0,0,0,0,0
"440","SP-3535002-40C01BBAB3DD4547ACBB2CF3E5E0BF67","SP",3535002,"2020",14.81,0,0,6.42,4.68,0,0,0.16,0,0,0,0,3.55,0,0,0,0,0
"441","SP-3535002-415A2CFCCF6B4DC385D02C3268D01824","SP",3535002,"2020",52.48,2.08,0,24.7,16.64,0,0,7.8,0,0,0,0,1.26,0,0,0,0,0
"442","SP-3535002-585023E7A78647558214BFE24FBF611D","SP",3535002,"2020",32.48,0.42,0,19.59,10.13,0.5,0,1.78,0,0,0,0,0.06,0,0,0,0,0
"443","SP-3535002-60C312A9890F41DB909B1AEDABD152ED","SP",3535002,"2020",79.61,11.92,0,56.28,8.59,0.48,0,1.87,0,0,0,0,0.48,0,0,0,0,0
"444","SP-3535002-683FF484A1184BBF9D9D87CA7D92358A","SP",3535002,"2020",26.13,0,0,10.01,9.83,0,0,1.2,0,0,0,0,5.09,0,0,0,0,0
"445","SP-3535002-7332E87CC64447AB9B90600125687065","SP",3535002,"2020",31.82,0.59,0,25.66,3.29,0.01,0,0,0,0,0,0,2.27,0,0,0,0,0
"446","SP-3535002-7FBC29A1A88D419EBF00F797B3D62E40","SP",3535002,"2020",120.26,2.12,0,67.11,41.37,0,0,4.1,0,0,0,0,5.55,0,0,0,0,0
"447","SP-3535002-8BB90BDFB1624905888097443F8D60C7","SP",3535002,"2020",56.44,1.98,0,37.09,16.44,0,0,0,0,0,0,0,0.93,0,0,0,0,0
"448","SP-3535002-97BAAFDC07D442A1BE4E2DA6D836E9DE","SP",3535002,"2020",17.07,0.16,0,13.71,1.85,0,0,0,0,0,0,0,1.34,0,0,0,0,0
"449","SP-3535002-A9A5F5E72BD642C6A60413C4BD7501D8","SP",3535002,"2020",22.16,0,0,18.8,2.04,0,0,0.96,0,0,0,0,0.37,0,0,0,0,0
"450","SP-3535002-AD3D9B1A1CA24462A76E05B33C899E51","SP",3535002,"2020",31.6,2.44,0,18.77,7.67,0,0,2.7,0,0,0,0,0.02,0,0,0,0,0
"451","SP-3535002-AE29685C68A446BFA66CA289D83298C9","SP",3535002,"2020",74.48,7.08,0,52.68,13.65,0.55,0,0,0,0,0,0,0.52,0,0,0,0,0
"452","SP-3535002-B81BCF8F7EF34150B0B06FA44A8AEB27","SP",3535002,"2020",126.31,0,0,103.42,22.35,0,0,0.52,0.02,0,0,0,0,0,0,0,0,0
"453","SP-3535002-C05FFF2173FB4560AD53C72F8139D0A8","SP",3535002,"2020",106.27,3.26,0,54.74,27.84,0,0,7.69,0,0,0,0,12.75,0,0,0,0,0
"454","SP-3535002-C39F61FBD45A4FE9B9DB41642C30FBE5","SP",3535002,"2020",128.26,2.3,0,66.41,46.83,0,0,4.33,0,0,0,0,6.17,0,2.22,0,0,0
"455","SP-3535002-C54A6412F2174BAABD020E756C5779EC","SP",3535002,"2020",22.83,0.02,0,17.34,4.44,0.16,0,0.87,0,0,0,0,0,0,0,0,0,0
"456","SP-3535002-C9156E596B5E4BF5A7E4AB052700B7B7","SP",3535002,"2020",36.53,5.2,0,13,11.06,0,0,0,0,0,0,0,7.28,0,0,0,0,0
"457","SP-3535002-D3C38922D0114B2DBBF18E00D6EA9EB9","SP",3535002,"2020",135.71,10.41,0,81.34,37.22,0,0,0.44,3.27,2.01,0,0,1.01,0,0,0,0,0
"458","SP-3535002-D426BF430B4C4F43B985BEE07AAA7791","SP",3535002,"2020",119.88,14.88,0,93.07,9.66,0,0,0,2.1,0,0,0,0.17,0,0,0,0,0
"459","SP-3535002-D470486002B24995B31365A7A2C11102","SP",3535002,"2020",299.25,49.75,0,73.23,128.62,0,0,10.13,0,0.92,0,0,36.1,0,0,0,0.5,0
"460","SP-3535002-D68439EDE895466F8C315C4E7919783B","SP",3535002,"2020",123.22,1.14,0,66.22,27.65,0,0,7.47,1.18,0,0,0,19.57,0,0,0,0,0
"461","SP-3535002-E5D5D8A1B9B843EF83D8E66A38A0090F","SP",3535002,"2020",394.01,71.09,0,155.61,137.98,0.5,0,8.75,0,0,0,0,20.08,0,0,0,0,0
"462","SP-3535002-E9610D9EE80E4223921BFC53E361EE3F","SP",3535002,"2020",26.08,8.69,0,8.56,7.75,0.45,0,0.5,0,0,0,0,0.14,0,0,0,0,0
