"","fcar","uf","munic","year","app_area_hec","Formacao Florestal","Formacao Savanica","Campo Alagado e Area Pantanosa","Pastagem","Mosaico de Agricultura e Pastagem","Rio, Lago e Oceano","Cana-de-Acucar","Soja","Outras Lavouras Temporarias","Fomacao Campestre","Caf√©","Citrus","Outras Areas nao Vegetadas","Area Urbanizada"
"1","MG-3111101-37DDE24C831A4ECAB7F1B42EFB304E64","MG",3111101,"2021",38.86,18.47,0.09,5.63,11.02,3.56,0.08,0,0,0,0,0,0,0,0
"2","MG-3127008-19E5ECA12A5F4A63A79E9F3BB0A174AC","MG",3127008,"2021",22.23,8.15,0,5.33,0.07,7.09,0,1.48,0.11,0,0,0,0,0,0
"3","MG-3127008-27159D2D7D6B4CC4908FD9474BD226CC","MG",3127008,"2021",12.25,1.18,0,1.18,4.93,4.08,0.9,0,0,0,0,0,0,0,0
"4","MG-3127008-5792C74FEADF4235ABCFC4F5FFAC56CC","MG",3127008,"2021",2.35,0,0,2.24,0,0.11,0,0,0,0,0,0,0,0,0
"5","MG-3127008-869F6ED85DC44EBBB187EA2F57A29293","MG",3127008,"2021",0,0,0,0,0.34,2.77,0,21.14,0,0,0,0,0,0,0
"6","MG-3127008-FB0EDE3FF1E043CE8AC4A52A330C901D","MG",3127008,"2021",7.19,0.36,0,2.32,1.7,2.79,0.03,0,0,0,0,0,0,0,0
"7","MG-3127107-023C43B1C60F4527A0FC38D94AA999C6","MG",3127107,"2021",0.72,0.42,0,0.3,0,0,0,0,0,0,0,0,0,0,0
"8","MG-3127107-039D91EAE0BD4C4BAEB19F0EC7940BB3","MG",3127107,"2021",1.69,0,0,1.58,0,0.1,0,0,0,0,0,0,0,0,0
"9","MG-3127107-1DDFCE8C3B584A109AC6CDB0B9B19168","MG",3127107,"2021",3.43,1.17,0,1.31,0.01,0.94,0,0,0,0,0,0,0,0,0
"10","MG-3127107-2C161535668C438EA44802670930F54C","MG",3127107,"2021",3.58,1.42,0,0.61,0.2,1.35,0,0,0,0,0,0,0,0,0
"11","MG-3127107-35CA20ACBAEE40C0918655CA7A462B92","MG",3127107,"2021",3.15,1.99,0,0.6,0.5,0.05,0,0.01,0,0,0,0,0,0,0
"12","MG-3127107-37B970FC7DA544639AB9B6BBD6EC91AC","MG",3127107,"2021",1.14,0,0,0,0.32,0.78,0,0.05,0,0,0,0,0,0,0
"13","MG-3127107-394138E76EE14B01BD7D04F557F2448A","MG",3127107,"2021",5.15,2.47,0,1.92,0.4,0.36,0,0,0,0,0,0,0,0,0
"14","MG-3127107-3AEB7E1F8142413A9E106835194667E3","MG",3127107,"2021",4.59,0.83,0,0.78,0,2.61,0,0.37,0,0,0,0,0,0,0
"15","MG-3127107-637632409F504878BFC7006FA10BA77C","MG",3127107,"2021",2.29,0,0,0,0.79,1.35,0,0.15,0,0,0,0,0,0,0
"16","MG-3127107-80D89C140EA64915B686ED6E6B145CC4","MG",3127107,"2021",6.71,0.75,0,3.26,0.2,2.34,0.17,0,0,0,0,0,0,0,0
"17","MG-3127107-9440F00DE058412093DBC1B6DB89036E","MG",3127107,"2021",7.05,0.42,0,5.42,0,1.11,0,0.1,0,0,0,0,0,0,0
"18","MG-3127107-990FD886189249C39FA4DA0ECF3BB684","MG",3127107,"2021",0.73,0,0,0,0,0.73,0,0,0,0,0,0,0,0,0
"19","MG-3127107-B6DB231AFFF4456E97DF8A6D3432909A","MG",3127107,"2021",2.36,0.7,0,0.46,0,1.19,0,0,0,0,0,0,0,0,0
"20","MG-3127107-DAE29DFF6AF4457B9077CABF09235C3E","MG",3127107,"2021",0,2.94,0,0,0,4.12,0,19.86,0,0,0,0,0,0,0
"21","MG-3127107-E2E767958AB34C46B53CDBF3DBEA02D3","MG",3127107,"2021",7.99,0.76,0,5.36,0.53,1.06,0.28,0,0,0,0,0,0,0,0
"22","MG-3127107-ECB798451542454B9945B283FD4AA76D","MG",3127107,"2021",25.83,1.62,0,4.57,0.66,17.21,0,1.77,0,0,0,0,0,0,0
"23","MG-3127107-FD4C40906A624CB7935880585B101775","MG",3127107,"2021",0,2.52,0,0,3.98,4.88,0,18.38,0,0.5,0,0,0,0,0
"24","MG-3129103-8C639A2EDE0D4B96B4022FB0CCD7AB69","MG",3129103,"2021",29.68,2.63,1.99,11.17,3.19,10.26,0.44,0,0,0,0,0,0,0,0
"25","MG-3133402-218B4C0ED8374D86BC99F675F98739B6","MG",3133402,"2021",65.36,22.99,0.53,17.27,7.73,14.63,0.59,1.45,0.18,0,0,0,0,0,0
"26","MG-3133402-4AE73362BD4A4D7EBCCBC18696D7A50A","MG",3133402,"2021",30.85,2.41,0,9.92,11.7,6.81,0,0,0,0,0,0,0,0,0
"27","MG-3133402-9D27D72BBE794B3B99EA4791A487744C","MG",3133402,"2021",12.8,0.47,0,0.86,7.57,3.9,0,0,0,0,0,0,0,0,0
"28","MG-3133402-A7BACB394ED7406F8112E31BFFD8F94F","MG",3133402,"2021",20.1,1.29,0,5.07,4.31,9.24,0.18,0,0,0,0,0,0,0,0
"29","MG-3133402-E4FA1EE74E9647E68D6ED7D7C9679F5C","MG",3133402,"2021",7.42,2.92,0,1.57,0.04,2.86,0,0.03,0,0,0,0,0,0,0
"30","MG-3134202-97522C552B144E5E98B604F8C656DCB3","MG",3134202,"2021",0.74,0.38,0,0.27,0,0.09,0,0,0,0,0,0,0,0,0
"31","MG-3134202-D739BEDB3C2D4750A08C8D0F72CD35ED","MG",3134202,"2021",4.41,0,0,1.93,0.76,1.72,0,0,0,0,0,0,0,0,0
"32","MG-3134202-FAB2505E01994ED684E984E35D7C51A4","MG",3134202,"2021",2.88,1.87,0.29,0.44,0,0.28,0,0,0,0,0,0,0,0,0
"33","MG-3134400-A60B4300EC284D4CB1996F82616ACB95","MG",3134400,"2021",2.49,0.71,0,0.13,0.29,1.36,0,0,0,0,0,0,0,0,0
"34","MG-3134400-E8C6AD63D2DE4131841BDA48263B236F","MG",3134400,"2021",14.23,0.53,0,0,8.81,4.67,0,0.22,0,0,0,0,0,0,0
"35","MG-3138625-14CF79F3BE354C9F87D3E5D9F35D377C","MG",3138625,"2021",0.84,0,0,0,0.15,0.69,0,0,0,0,0,0,0,0,0
"36","MG-3138625-435A0E7834F44F1FA85C0A100E360916","MG",3138625,"2021",24.73,1.99,0,1,9.26,11.42,0,1.06,0,0,0,0,0,0,0
"37","MG-3138625-C8C4F0706BF545468EB8FFC67E5D6D07","MG",3138625,"2021",14.35,1.76,0,2.5,0.75,8.94,0,0.4,0,0,0,0,0,0,0
"38","MG-3138625-CC66CFD271BD46E5BCFB3210DCE80691","MG",3138625,"2021",4.95,0,0,0.23,2.73,1.15,0,0.85,0,0,0,0,0,0,0
"39","MG-3138625-D0FBDC75DB9A434C8D3D451A725B08F5","MG",3138625,"2021",46.86,1.24,0.54,9.36,14.16,19.88,0.08,0,0,0,1.6,0,0,0,0
"40","MG-3138625-E29D421543904F418837B39DDC1237C1","MG",3138625,"2021",10.67,0,0,0.42,3.96,5.53,0,0.76,0,0,0,0,0,0,0
"41","MG-3138625-EB87A49230484B798FF484B1FF6A4200","MG",3138625,"2021",3.47,0.09,0,1.56,0.04,1.78,0,0,0,0,0,0,0,0,0
"42","MG-3138625-F57C6628922A4F53ABA3EB292E20A6D7","MG",3138625,"2021",11.87,0.67,0,4.11,4.85,1.99,0,0.24,0,0,0,0,0,0,0
"43","MG-3165107-35FB087C3923403981C4533DCC43CCBB","MG",3165107,"2021",14.18,2.65,0,0,0.02,11.43,0.05,0,0,0,0,0.04,0,0,0
"44","MG-3165107-76C7008B328042309A89F26F789DD095","MG",3165107,"2021",105.15,48.37,0,0,4,51.97,0.05,0.3,0.34,0.11,0,0,0.01,0,0
"45","MS-5005707-F14A9238D7F640DDA8BA7FDBFF61FFFB","MS",5005707,"2021",124.69,2.42,0,90.49,17.59,10.62,2.43,0,0.7,0.43,0,0,0,0,0
"46","SP-3503208-1C0244E0088B4284B9F0FBCB36128AF7","SP",3503208,"2021",0.68,0,0,0.12,0,0.57,0,0,0,0,0,0,0,0,0
"47","SP-3503208-287FBE5BAAD44905B7DCBBFBBDFE04C7","SP",3503208,"2021",0.22,0.2,0,0,0,0.01,0,0,0,0,0,0,0,0,0
"48","SP-3503208-3DFC0A34B4F8483AAE28367E2FECDA63","SP",3503208,"2021",4.46,0.28,0,3.41,0,0.52,0.25,0,0,0,0,0,0,0,0
"49","SP-3503208-465915E18C4940B4842D2476CA3E6E49","SP",3503208,"2021",0.52,0,0,0.52,0,0,0,0,0,0,0,0,0,0,0
"50","SP-3503208-6484191647DD4DD4ADC439A286968CF6","SP",3503208,"2021",0.6,0,0,0.58,0,0.01,0,0,0,0,0,0,0,0,0
"51","SP-3503208-882E576E5E32403BB5925FCCFD66E04A","SP",3503208,"2021",1.89,0,0,0.35,0,1.53,0,0.02,0,0,0,0,0,0,0
"52","SP-3503208-A287FFAF8AB2407C89A3BF512820FD30","SP",3503208,"2021",0.23,0,0,0.11,0,0.12,0,0,0,0,0,0,0,0,0
"53","SP-3503208-C75616B7833E4963B2FE16DC4AE895EA","SP",3503208,"2021",12.17,3.82,0,2.53,0,5.19,0,0.63,0,0,0,0,0,0,0
"54","SP-3505500-086D12B4474F4D0C90B881E850AD68A8","SP",3505500,"2021",6.53,1.74,0,0.56,0,3.6,0,0.62,0,0,0,0,0,0,0
"55","SP-3505609-7A1BD2D0BCC648AFACDFE6419EEB8BA2","SP",3505609,"2021",0,0,0,0,0,0,0,92.97,0,0.11,0,0,0,0.77,0
"56","SP-3505609-DBB12C3C0B98414C9B581A1C1C19CA3B","SP",3505609,"2021",2.13,1.27,0,0.26,0,0.25,0.13,0.07,0,0,0,0,0,0,0
"57","SP-3505609-E1A757307CC44C67AB8BAEC0ACFA5A18","SP",3505609,"2021",0,0,0,0,0,0.31,0,73.52,0,0,0,0,0,0.41,0
"58","SP-3510104-77729E533B1C404C887B08A33DC16D13","SP",3510104,"2021",3.05,1.97,0,0,0,0.79,0,0.29,0,0,0,0,0,0,0
"59","SP-3510708-10E4AD3602954083867326F1AF2D0D35","SP",3510708,"2021",0.47,0,0,0,0,0.47,0,0,0,0,0,0,0,0,0
"60","SP-3510708-5FA2AF2250644624A5FA6C6C30B6421E","SP",3510708,"2021",0,12.04,0,5.53,2.16,15.63,0,60.94,0.5,0,0,0,0,0,0
"61","SP-3512001-F45998EAA14042DDA440DC271FF228BC","SP",3512001,"2021",7.21,0.02,0,1.34,0,5.65,0,0.2,0,0,0,0,0,0,0
"62","SP-3514007-B66C8FCCCC7E4493A5B40502B6BEC627","SP",3514007,"2021",28.98,12.18,0,1.88,0.06,13.59,0,1.27,0,0,0,0,0,0,0
"63","SP-3514007-D09EB46840C24FC9B12F5C39C495707C","SP",3514007,"2021",12.83,7.11,0,0,0,4.17,0,1.46,0,0.08,0,0,0,0,0
"64","SP-3514601-11A7677D96A843A9847710F011126CE0","SP",3514601,"2021",0.48,0.31,0,0,0,0.01,0,0.01,0,0.14,0,0,0,0,0
"65","SP-3514601-28EB3D2FF85940FEAD2B28FEE6F9F9C9","SP",3514601,"2021",0.45,0.23,0,0.18,0,0,0,0,0,0.04,0,0,0,0,0
"66","SP-3518602-06C22ADABA4C42D9A7D0E3130F943869","SP",3518602,"2021",38.14,14.68,0,2,0,19.35,0.06,2.01,0,0.04,0,0,0,0,0
"67","SP-3518602-57FFF6E3A38B47B3979ED422D9637683","SP",3518602,"2021",5.16,0.22,0,3,0,1.51,0,0.4,0,0.03,0,0,0,0,0
"68","SP-3518602-748DAA41686A4614B52CDBC091FC1C00","SP",3518602,"2021",8.85,5.87,0,0.56,0,2.24,0,0.18,0,0,0,0,0,0,0
"69","SP-3518602-81734FC125D7481A88B862DF1D04DE15","SP",3518602,"2021",29.02,13.66,0,13.68,0,1.05,0.4,0.22,0,0,0,0,0,0,0
"70","SP-3518602-86BC2C7EFEF146E29C8674243E2C4D9A","SP",3518602,"2021",6.77,1.32,0,0,0,4.82,0,0.63,0,0,0,0,0,0,0
"71","SP-3518602-8B3A6161519A44FEA5303BA48F4D1A7B","SP",3518602,"2021",27.46,13.48,0,4.22,0,9.32,0,0.24,0,0.19,0,0,0,0,0
"72","SP-3518602-A6B30ADC4EE04E9EAA0925E2AA6DE956","SP",3518602,"2021",12.62,6.14,0,1.14,0,4.83,0,0.09,0,0.42,0,0,0,0,0
"73","SP-3518602-B5EAD3959D3B4FD18C7171A20CC2F4C8","SP",3518602,"2021",2.84,2.08,0,0.1,0,0.65,0,0.01,0,0,0,0,0,0,0
"74","SP-3518602-F476144FD55E4A22B9A170593786DC8F","SP",3518602,"2021",7.67,2.7,0,0.33,0,4.52,0,0.12,0,0,0,0,0,0,0
"75","SP-3518859-40FA7CD0173340A1BB2183E96B33BA8C","SP",3518859,"2021",16.28,11.37,0,4.27,0,0.31,0,0.18,0,0.14,0,0,0,0,0
"76","SP-3521903-76C1E7D3340547CBA5822B0C071BA51E","SP",3521903,"2021",24.53,2.94,0,4.21,0,16.59,0,0.79,0,0,0,0,0,0,0
"77","SP-3521903-B5C1D5D919494A468180C84FE4B26CC7","SP",3521903,"2021",9.8,3.57,0,1.78,0,3.91,0,0.54,0,0,0,0,0,0,0
"78","SP-3521903-BA9A0D49AD1E4F8E90188416817A5DC2","SP",3521903,"2021",10.21,9.96,0,0,0,0.22,0,0.02,0,0,0,0,0,0,0
"79","SP-3521903-E00526DDA4BA4D31BF90F8449B7E9941","SP",3521903,"2021",9.28,2.76,0,2.48,0,3.87,0,0.18,0,0,0,0,0,0,0
"80","SP-3521903-E107AA621BC84815B6EED997D01010E8","SP",3521903,"2021",1.94,0,0,0.53,0,1.38,0,0.02,0,0,0,0,0,0,0
"81","SP-3522703-4744A99A90614109A09FBA291D6A206A","SP",3522703,"2021",116.4,63.47,0,16.9,0,26.3,0,9.06,0,0.67,0,0,0,0,0
"82","SP-3522703-D63E157FE78345B89EC2098A7334BDBD","SP",3522703,"2021",0,2.17,0,0,0.08,9.96,0,84.48,10.99,1.42,0,0,0,0,0
"83","SP-3524204-2BF66C8B164B499D8F010053E0860443","SP",3524204,"2021",12.99,6.64,0,1.93,0,0.92,0,3.23,0,0.27,0,0,0,0,0
"84","SP-3524303-03046467329F40E3BD3DFC1A739DB165","SP",3524303,"2021",1.51,0,0,0.14,0,1.38,0,0,0,0,0,0,0,0,0
"85","SP-3524303-0DC942AABD574146A51CD1A38C3B9070","SP",3524303,"2021",0,0,0,0,0,7.38,0,11.6,3.25,0.05,0,0,0,0,0
"86","SP-3524303-118775A2CCDD4FBE94C84767AFF917A8","SP",3524303,"2021",17.16,13.59,0,0.79,0,1.17,1.01,0.53,0,0.08,0,0,0,0,0
"87","SP-3524303-1739C594B4F540C59AF7B47ADBB2D62D","SP",3524303,"2021",70.22,49.93,0,17.13,0,0.98,1.13,0.31,0,0.13,0,0,0,0,0
"88","SP-3524303-21656AD4FE944F7CB66011E4418F4187","SP",3524303,"2021",10.39,6.66,0,0.5,0,3.19,0,0.03,0,0,0,0,0,0,0
"89","SP-3524303-244BE86A3253482D851098B4D30F836D","SP",3524303,"2021",13.47,6.05,0,1.7,0,5.02,0,0.55,0,0.15,0,0,0,0,0
"90","SP-3524303-2805984E47D8413EA1F7FEED4A0C84DE","SP",3524303,"2021",0.99,0.07,0,0.91,0,0.01,0,0,0,0,0,0,0,0,0
"91","SP-3524303-45EABA24951149768D24A6F8C9E5BA8A","SP",3524303,"2021",8.87,5.86,0,0.16,0,2.61,0,0.24,0,0,0,0,0,0,0
"92","SP-3524303-4BF2884CA53D40CD816BC459457BC020","SP",3524303,"2021",4.61,3.88,0,0.56,0,0.15,0,0.03,0,0,0,0,0,0,0
"93","SP-3524303-577FC36D359E4056801675249F938706","SP",3524303,"2021",0,0,0,0,0,0,0,16.73,0,0,0,0,0,0,0
"94","SP-3524303-733F23B337C949A4B6314BBA22BD73A4","SP",3524303,"2021",0,0,0,0,0,0.13,0,19.37,0,0,0,0,0,0,0
"95","SP-3524303-7719C63514204FAA8BE3E4E773DD4B26","SP",3524303,"2021",2.28,0,0,0,0,2.04,0,0.24,0,0,0,0,0,0,0
"96","SP-3524303-7A7AD6C4FA144A09B9066F7638202E55","SP",3524303,"2021",6.02,1.48,0,0.34,0,2.65,0,1.04,0,0.5,0,0,0,0,0
"97","SP-3524303-7F899BC4BF434FC29BCD16956D775084","SP",3524303,"2021",8.4,0,0,1.04,0.23,6.95,0.05,0.13,0,0,0,0,0,0,0
"98","SP-3524303-825FAA66535C4771B3AE7DEBCB03FA43","SP",3524303,"2021",0,0,0,0,0,2.73,0,27.97,0,0.16,0,0,0,0,0
"99","SP-3524303-8DC097BB871E49BCAFEEDD4DAAFDBB1E","SP",3524303,"2021",3.95,1.37,0,0,0,2.05,0,0.38,0,0.15,0,0,0,0,0
"100","SP-3524303-A4204348BA434E28ADC4E0BAB626B251","SP",3524303,"2021",7.73,0,0,2.58,0.22,4.93,0,0,0,0,0,0,0,0,0
"101","SP-3524303-A7682ED563804138AF6A3F96D16FA05F","SP",3524303,"2021",1.24,0,0,0.33,0,0.74,0,0.17,0,0,0,0,0,0,0
"102","SP-3524303-AE1D25E0508C42BABADC23B3F41E9363","SP",3524303,"2021",0,0,0,0,0,0,0,65.36,0,0,0,0,0,0,0
"103","SP-3524303-B4E7D6269570418A8C7CB04464344387","SP",3524303,"2021",4.35,0,0,0.41,0,3.65,0,0.18,0,0,0,0,0,0,0
"104","SP-3524303-B511EABB874444398E1815F4A23331D5","SP",3524303,"2021",5.85,0,0,0.52,0.15,4.8,0,0.22,0,0,0,0,0,0,0
"105","SP-3524303-B81EF71D75DB4B0E824AC12E7E35D76B","SP",3524303,"2021",1,0.19,0,0,0.18,0.63,0,0,0,0,0,0,0,0,0
"106","SP-3524303-D35D6052A3004C3EB96D342F15B20926","SP",3524303,"2021",3.81,2.53,0,0,0,1.12,0,0.17,0,0,0,0,0,0,0
"107","SP-3524303-D78A85C41DBA40D891D0FEA45835EF2D","SP",3524303,"2021",20.18,10.44,0,0,0,9.56,0,0.1,0,0.09,0,0,0,0,0
"108","SP-3524303-F6196583B26A4E84AB1CD3FE7039A61E","SP",3524303,"2021",1.23,0.81,0,0,0,0,0,0,0,0.42,0,0,0,0,0
"109","SP-3529302-4380D5F337CF486E8E3C04893F2ED9CB","SP",3529302,"2021",33.1,23.76,0,4.42,0,4.93,0,0,0,0,0,0,0,0,0
"110","SP-3529302-5DA25D37430D4BE68395555524DC86D4","SP",3529302,"2021",0.43,0.41,0,0,0,0.02,0,0,0,0,0,0,0,0,0
"111","SP-3529302-664B22D1DFC44EAEA99AA819C0EC5779","SP",3529302,"2021",19.3,3.7,0,0.5,0.3,14.67,0,0.14,0,0,0,0,0,0,0
"112","SP-3529302-6D5093B0A0384E1E967CFBDF049F18E0","SP",3529302,"2021",0,5.38,0,0,0,7.31,0,19.77,0.11,0,0,0,0,0,0
"113","SP-3529302-82866007393E4DD6B6815EE7F7982D20","SP",3529302,"2021",0.42,0,0,0,0,0.42,0,0,0,0,0,0,0,0,0
"114","SP-3529302-AF136ED1760141DFB2FA0AFF59A07E3E","SP",3529302,"2021",6.14,0.51,0,0,0,5.45,0,0.18,0,0,0,0,0,0,0
"115","SP-3529302-E22D1B8967CE4CB5959A0B2F759D70ED","SP",3529302,"2021",0.01,0,0,0,0,0.01,0,0,0,0,0,0,0,0,0
"116","SP-3531308-5A765C4491DC4648A27E5D2E884EB375","SP",3531308,"2021",2.89,0,0,0.32,0,2.56,0,0,0,0,0,0,0,0,0
"117","SP-3531308-AA6227303FD445209CCFBA48F79908EA","SP",3531308,"2021",5.31,0.9,0,1.27,0.16,2.99,0,0,0,0,0,0,0,0,0
"118","SP-3531308-C2F56A08017A4459888CE0E69A3161F8","SP",3531308,"2021",3.03,0.4,0,0.22,0,2.41,0,0,0,0,0,0,0,0,0
"119","SP-3531308-DDC5C4B5C558434A9BE155279F32C2C1","SP",3531308,"2021",7.62,3.18,0,1.46,0,2.87,0,0.12,0,0,0,0,0,0,0
"120","SP-3532058-2C8FEF6FBC44472F9BF843B34FF9047E","SP",3532058,"2021",6.66,3.73,0,1.22,0,1.7,0,0.01,0,0,0,0,0,0,0
"121","SP-3532058-3EE625926E4E460DB99EA36B4AE36ECD","SP",3532058,"2021",1.81,1.27,0,0,0,0.54,0,0,0,0,0,0,0,0,0
"122","SP-3532058-7CBC1A16AA2E459E8BADBDB848922FAB","SP",3532058,"2021",6.41,3.5,0,0,0,1.98,0,0.93,0,0,0,0,0,0,0
"123","SP-3535002-07DD7C45D3E942C98886BFBB8B06B8D0","SP",3535002,"2021",1.65,0.16,0,0.44,0,0.99,0,0.06,0,0,0,0,0,0,0
"124","SP-3535002-1680D49FBA204A7CB661F0E52301933A","SP",3535002,"2021",1.15,0.8,0,0,0,0.18,0,0.17,0,0,0,0,0,0,0
"125","SP-3535002-1F6BB597B087407AAFBEE1C7F8FB9DD0","SP",3535002,"2021",0.69,0.51,0,0,0.03,0.14,0,0,0,0,0,0,0,0,0
"126","SP-3535002-36FD7710DDEB4FEF9F652436C122D3A7","SP",3535002,"2021",6.62,1.28,0,1.08,0.91,3.36,0,0,0,0,0,0,0,0,0
"127","SP-3535002-3DC863903D7C42FC9F62894F755C2800","SP",3535002,"2021",0.76,0.66,0,0,0,0.1,0,0,0,0,0,0,0,0,0
"128","SP-3535002-40C01BBAB3DD4547ACBB2CF3E5E0BF67","SP",3535002,"2021",0.06,0,0,0,0.01,0.05,0,0,0,0,0,0,0,0,0
"129","SP-3535002-415A2CFCCF6B4DC385D02C3268D01824","SP",3535002,"2021",7.85,1.48,0,4.98,0,1.4,0,0,0,0,0,0,0,0,0
"130","SP-3535002-585023E7A78647558214BFE24FBF611D","SP",3535002,"2021",2.04,0.41,0,1.25,0,0.38,0,0,0,0,0,0,0,0,0
"131","SP-3535002-60C312A9890F41DB909B1AEDABD152ED","SP",3535002,"2021",6.17,4.14,0,1.34,0.05,0.62,0,0.03,0,0,0,0,0,0,0
"132","SP-3535002-683FF484A1184BBF9D9D87CA7D92358A","SP",3535002,"2021",2.74,0,0,0.68,0.25,1.81,0,0,0,0,0,0,0,0,0
"133","SP-3535002-7332E87CC64447AB9B90600125687065","SP",3535002,"2021",0.5,0.46,0,0,0,0.04,0,0,0,0,0,0,0,0,0
"134","SP-3535002-7FBC29A1A88D419EBF00F797B3D62E40","SP",3535002,"2021",5.22,0.15,0,2.31,0.09,2.67,0,0.01,0,0,0,0,0,0,0
"135","SP-3535002-8BB90BDFB1624905888097443F8D60C7","SP",3535002,"2021",6.59,1.42,0,0,0.34,2.85,0,1.98,0,0,0,0,0,0,0
"136","SP-3535002-97BAAFDC07D442A1BE4E2DA6D836E9DE","SP",3535002,"2021",0.95,0.16,0,0,0.15,0.63,0,0,0,0,0,0,0,0,0
"137","SP-3535002-A9A5F5E72BD642C6A60413C4BD7501D8","SP",3535002,"2021",0.88,0,0,0.48,0,0.4,0,0,0,0,0,0,0,0,0
"138","SP-3535002-AD3D9B1A1CA24462A76E05B33C899E51","SP",3535002,"2021",4.87,0.83,0,2.43,0,1.61,0,0,0,0,0,0,0,0,0
"139","SP-3535002-AE29685C68A446BFA66CA289D83298C9","SP",3535002,"2021",6.29,0.71,0,0,0.6,4.85,0,0.14,0,0,0,0,0,0,0
"140","SP-3535002-B81BCF8F7EF34150B0B06FA44A8AEB27","SP",3535002,"2021",2.72,0,0,0.47,0,2.25,0,0,0,0,0,0,0,0,0
"141","SP-3535002-C39F61FBD45A4FE9B9DB41642C30FBE5","SP",3535002,"2021",7.01,0.03,0,2.92,0.74,3.07,0.25,0,0,0,0,0,0,0,0
"142","SP-3535002-C54A6412F2174BAABD020E756C5779EC","SP",3535002,"2021",1,0,0,0.64,0,0.34,0,0.02,0,0,0,0,0,0,0
"143","SP-3535002-C9156E596B5E4BF5A7E4AB052700B7B7","SP",3535002,"2021",1.91,1.29,0,0,0.26,0.36,0,0,0,0,0,0,0,0,0
"144","SP-3535002-D3C38922D0114B2DBBF18E00D6EA9EB9","SP",3535002,"2021",11.5,2.56,0,0.36,0.55,6.4,0,1.63,0,0,0,0,0,0,0
"145","SP-3535002-D426BF430B4C4F43B985BEE07AAA7791","SP",3535002,"2021",0,0,0,0,0,0,0,0,0,0,0,0,0,0,0
"146","SP-3535002-D68439EDE895466F8C315C4E7919783B","SP",3535002,"2021",8.1,0,0,4.21,1.59,2.3,0,0,0,0,0,0,0,0,0
"147","SP-3535002-E9610D9EE80E4223921BFC53E361EE3F","SP",3535002,"2021",1.46,0.1,0,0.5,0,0.86,0,0,0,0,0,0,0,0,0
"148","SP-3536307-03C0130B26BC4B9E8A6DA288DA994CFB","SP",3536307,"2021",0.19,0.19,0,0,0,0,0,0,0,0,0,0,0,0,0
"149","SP-3536307-2E39329A9BFE4EDDB7C0DA4BE005B9F4","SP",3536307,"2021",0,27.89,0,0,0,3.44,0,41.94,0,0,0,0,0,0,0
"150","SP-3536307-38E1F2C15F2F44D3AEBFA47848DB8B76","SP",3536307,"2021",5.51,1.91,2.05,1.44,0,0.11,0,0.01,0,0,0,0,0,0,0
"151","SP-3536307-39C8340CEEE54519A353C1E4921B8A11","SP",3536307,"2021",13.63,10.27,0,0,0,3.13,0,0.22,0,0,0,0,0,0,0
"152","SP-3536307-8FA0CD7AF87243C2AD4A29EF1C780683","SP",3536307,"2021",0,0,0,0,0,0.05,0,38.86,0,0,0,0,0,0,0
"153","SP-3536307-A14D5F1196DC4FE89631A52006CE8D3A","SP",3536307,"2021",2.49,2.43,0,0,0,0.05,0,0.01,0,0,0,0,0,0,0
"154","SP-3536307-AA36A6369D48486EB1C65F08DFF7BEC0","SP",3536307,"2021",0,0,0,0,0,0,0,8.4,0,0,0,0,0,0,0
"155","SP-3536307-AAED526D05264DA281EA7C8692482317","SP",3536307,"2021",0,0.16,0,0,0,2.2,0,106.61,9.72,0,0,0,0,0,0
"156","SP-3536307-D3EBF3FAC8564D139139231BDCBFA492","SP",3536307,"2021",5.41,4.9,0,0,0,0.45,0,0.07,0,0,0,0,0,0,0
"157","SP-3536307-E76342C0AB1F47D29C1AC5568BE76819","SP",3536307,"2021",3.9,2.3,0,0,0,1.4,0,0.19,0,0,0,0,0,0,0
"158","SP-3536307-F5CDFF4EC2FB43FEA76AA177E901AA60","SP",3536307,"2021",12.57,9.45,0.21,2.21,0,0.7,0,0,0,0,0,0,0,0,0
"159","SP-3538105-D4B13E2251B3446AA7B445237DF0CBCD","SP",3538105,"2021",13.77,7.45,0,3.58,0,2.52,0,0.03,0,0.18,0,0,0,0,0
"160","SP-3540309-455A2263AE1B4CEDBF18C9A8EF56FD37","SP",3540309,"2021",25.04,1.26,0,8.12,0.37,14.12,0.11,0.19,0,0.88,0,0,0,0,0
"161","SP-3540309-663984AC1E8A4B0F817BC2599BBF2DA4","SP",3540309,"2021",2.4,0,0,0,0.22,1.77,0.07,0.34,0,0,0,0,0,0,0
"162","SP-3540903-262EC6A45FFB45A8B306D5BB26DCAB02","SP",3540903,"2021",0,2.64,0,1.42,0,0.69,0,134.35,0,0,0,0,0,0,0
"163","SP-3540903-73F249DF772D472EA6E4054C889E3C37","SP",3540903,"2021",2.16,0,0,0,0,1.85,0,0.21,0,0.1,0,0,0,0,0
"164","SP-3540903-B11929B3E6EA4E9696D1E205DB6984F0","SP",3540903,"2021",2.95,2.22,0,0.55,0,0,0,0.05,0,0.14,0,0,0,0,0
"165","SP-3543402-1DA8730846C74686A4AB4FFFEDF102CA","SP",3543402,"2021",0,0,0,0,0,1.32,0,78.72,0.5,0,0,0,0,0,0
"166","SP-3543402-1F1F7808BB7942A7AC24E42F391C7A50","SP",3543402,"2021",22.88,16.68,0,2.75,0,3.08,0,0.34,0,0.02,0,0,0,0,0
"167","SP-3543402-42E69DAFD66A48F2A2C94EF340E96EAD","SP",3543402,"2021",6.75,0.75,0,2.52,0,2.4,0,0.78,0,0.29,0,0,0,0,0
"168","SP-3543402-4B9B41D5E4C44F83BCC3BF1C40A0AD09","SP",3543402,"2021",0,1.05,0,0,0,17.52,1.08,7.48,0,0,0,0,0,0,0
"169","SP-3543402-684F1290C16E47FD88B387C429B2804F","SP",3543402,"2021",29.34,24.56,0,0,0,4.69,0,0.09,0,0,0,0,0,0,0
"170","SP-3543402-EF060FEE30C44FDB89DE102EA19D6E60","SP",3543402,"2021",12.93,12.78,0,0,0,0.13,0,0.02,0,0,0,0,0,0,0
"171","SP-3543402-FB219CA4F6AA4588AF2B80E948058DBC","SP",3543402,"2021",10.35,8.34,0,0,0,1.81,0,0.2,0,0,0,0,0,0,0
"172","SP-3543709-67FEDFB442A74EFDAFED739AA5492A54","SP",3543709,"2021",8.99,4.85,0,1.99,0,1.13,0.64,0.24,0,0,0,0,0,0,0
"173","SP-3543709-895E9A4CA7AA45F787AB51BFD227F7E4","SP",3543709,"2021",160.28,73.37,0.32,45.22,0.25,36.14,3.03,1.87,0,0.07,0,0,0,0,0
"174","SP-3543709-F0021CE51CC64BE295FD0164556406B2","SP",3543709,"2021",5.01,0,0,0,0,3.28,0,1.27,0,0.46,0,0,0,0,0
"175","SP-3545605-31C240CD9EEA4DB795EAF79257D3A555","SP",3545605,"2021",0.56,0.55,0,0,0,0,0,0,0,0,0,0,0,0,0
"176","SP-3545605-4B1327CD9F0048C8AF0EF7D758D0BF69","SP",3545605,"2021",4.14,3.13,0,0,0,0.69,0,0.32,0,0,0,0,0,0,0
"177","SP-3545605-744C3D0EC2614782AF597E510CD204D4","SP",3545605,"2021",0,0,0,0,0,0.23,0,37.37,0,0,0,0,0,0,0
"178","SP-3553203-D7550D3273A445459C0CA1CC9F01DC82","SP",3553203,"2021",10.86,0.17,0,1.3,0.32,8.59,0.35,0.13,0,0,0,0,0,0,0
"179","SP-3553708-0858FA9FDFB0409EA92DDE3863FA14D1","SP",3553708,"2021",4.45,4.07,0,0.38,0,0.01,0,0,0,0,0,0,0,0,0
"180","SP-3553708-08F4112E61274728B7E28D4DD2C492B7","SP",3553708,"2021",11.61,8.11,0,1.25,0,1.67,0,0.35,0,0.22,0,0,0,0,0
"181","SP-3553708-091EAB10770A48328E6C7B9AA8156DF2","SP",3553708,"2021",2.71,0,0,2.3,0,0.14,0,0,0,0.26,0,0,0,0,0
"182","SP-3553708-0B8611F8492B4FBE9F4919FD2B4CCCFB","SP",3553708,"2021",5.28,1.79,0,0.09,0,2.72,0,0.68,0,0,0,0,0,0,0
"183","SP-3553708-0CD642AFEAB8483FA6531F2D4F185ED8","SP",3553708,"2021",12.75,10.64,0,1.16,0,0.6,0,0.08,0,0.26,0,0,0,0,0
"184","SP-3553708-26DB381602EF46B78D04BDCED4CCF582","SP",3553708,"2021",0,0,0,0,0,1.36,0,43.2,0,0,0,0,0,0,0
"185","SP-3553708-2847AE9800F147A58CC6658A2275C5A5","SP",3553708,"2021",7.98,3.07,0,0.23,0,2.84,0,1.84,0,0,0,0,0,0,0
"186","SP-3553708-3CB6F6CB2CC74B658B8220A88406C647","SP",3553708,"2021",2.69,0.42,0,1.14,0,1.12,0,0,0,0,0,0,0,0,0
"187","SP-3553708-4389915C37424AF6A21D3FBF1B6D2D40","SP",3553708,"2021",0,0,0,0,0,0.46,0,43.99,0,0,0,0,0,0,0
"188","SP-3553708-49A3269AAE35408995F4486D1409FA51","SP",3553708,"2021",0.88,0,0,0,0,0.73,0,0.15,0,0,0,0,0,0,0
"189","SP-3553708-5F2E87B8ABE847618C1AF8E982479ED6","SP",3553708,"2021",2.42,0.94,0,0,0,0.92,0,0.56,0,0,0,0,0,0,0
"190","SP-3553708-63B9D7B6A988411A8A8F3BA1744F0F60","SP",3553708,"2021",6.18,0,0,0.33,0,3.49,0,2.37,0,0,0,0,0,0,0
"191","SP-3553708-75EB43DF11594E7A96F4561A8FDDABB7","SP",3553708,"2021",23.77,3.94,0,2.62,0,15.43,0,1.78,0.01,0,0,0,0,0,0
"192","SP-3553708-8AD9E86E75D84315AE9FED048812FC8B","SP",3553708,"2021",2.59,1.69,0,0.21,0,0.7,0,0,0,0,0,0,0,0,0
"193","SP-3553708-91969BC01A48412787C2C5625EEB6D11","SP",3553708,"2021",1.45,1.38,0,0,0,0,0,0.07,0,0,0,0,0,0,0
"194","SP-3553708-92A63A0F23334E10B312AEA000572D36","SP",3553708,"2021",5.79,2.54,0,0,0,3.24,0,0,0,0.01,0,0,0,0,0
"195","SP-3553708-943E0C267F964F54AADC0BC1416CFC51","SP",3553708,"2021",10.99,1.34,0,0.8,0,8.04,0,0.81,0,0,0,0,0,0,0
"196","SP-3553708-A683C1419B744985B282D80959EA1326","SP",3553708,"2021",2.91,1.76,0,0,0,1.03,0,0.13,0,0,0,0,0,0,0
"197","SP-3553708-B3B40607D9EC47B39A585035D516A560","SP",3553708,"2021",2.94,0,0,1.2,0,1.73,0,0,0,0,0,0,0,0,0
"198","SP-3553708-B6CB9C346B1A49769E52BC44C7D921DD","SP",3553708,"2021",8.67,3.77,0,0,0,3.96,0,0.45,0,0.5,0,0,0,0,0
"199","SP-3553708-C19DAF28E878458584873AECBAB95F92","SP",3553708,"2021",1.69,0.17,0,1.52,0,0,0,0,0,0,0,0,0,0,0
"200","SP-3553708-DFEE19EE1DAB4088ABE7B5C886ECF753","SP",3553708,"2021",0.47,0.01,0,0,0,0.46,0,0,0,0,0,0,0,0,0
"201","SP-3553708-EB64F2865C5B4374A77FE31919A96F49","SP",3553708,"2021",1.69,1.5,0,0,0,0.19,0,0.01,0,0,0,0,0,0,0
"202","SP-3553708-EB6C39204B8F4DB4BCCD5DCE766FCB3B","SP",3553708,"2021",1.34,0.49,0,0,0,0.83,0,0.01,0,0,0,0,0,0,0
